"Status","Title","Imagem","Galeria de mídia","Valor","Descrição","Link do botão","Ficha tecnica","Tamanhos","Colchão (All)","Colchão (Item)","ID","Created Date","Updated Date","Owner","Metadescricao","Sistema de Molejo","Espuma do Estofamento","Espuma do Matelassê","Pillow","Tecnologia","Nível de Firmeza","Suporte","Indicado para","Certificados","Densidade","Outras características","Created Date","Updated Date","Owner","Publish Date","Unpublish Date","Nome na ficha","Ficha Tecnica Texto","Publish Date","Unpublish Date"
"PUBLISHED","Colchão  Probel Michelini Ultra Gel","wix:image://v1/34ce26_a1dfa80f0e2c440e82c2bc5c455a233e~mv2.jpg/1000085474.jpg#originWidth=3356&originHeight=3733","[{""description"":"""",""slug"":""34ce26_a1dfa80f0e2c440e82c2bc5c455a233e~mv2.jpg"",""alt"":"""",""src"":""wix:image://v1/34ce26_a1dfa80f0e2c440e82c2bc5c455a233e~mv2.jpg/_.jpg#originWidth=3356&originHeight=3733"",""title"":"""",""type"":""image"",""settings"":{""width"":3356,""height"":3733,""focalPoint"":[0.5,0.5]}},{""description"":"""",""slug"":""34ce26_c911ea6f128d4a21b81936c5c4209097~mv2.jpg"",""alt"":"""",""src"":""wix:image://v1/34ce26_c911ea6f128d4a21b81936c5c4209097~mv2.jpg/_.jpg#originWidth=3472&originHeight=4624"",""title"":"""",""type"":""image"",""settings"":{""width"":3472,""height"":4624,""focalPoint"":[0.5,0.5]}},{""description"":"""",""slug"":""34ce26_39eb89c95eec42c292bb8bee65d7b3d5~mv2.jpg"",""alt"":"""",""src"":""wix:image://v1/34ce26_39eb89c95eec42c292bb8bee65d7b3d5~mv2.jpg/_.jpg#originWidth=3472&originHeight=4624"",""title"":"""",""type"":""image"",""settings"":{""width"":3472,""height"":4624,""focalPoint"":[0.5,0.5]}},{""description"":"""",""slug"":""34ce26_433ef9ba1d344bb5a288c579906200c5~mv2.jpg"",""alt"":"""",""src"":""wix:image://v1/34ce26_433ef9ba1d344bb5a288c579906200c5~mv2.jpg/_.jpg#originWidth=3472&originHeight=4341"",""title"":"""",""type"":""image"",""settings"":{""width"":3472,""height"":4341,""focalPoint"":[0.5,0.5]}},{""description"":"""",""slug"":""34ce26_2d64b9f3f47b476eb8153e4ffe078d4a~mv2.jpg"",""alt"":"""",""src"":""wix:image://v1/34ce26_2d64b9f3f47b476eb8153e4ffe078d4a~mv2.jpg/_.jpg#originWidth=3472&originHeight=4624"",""title"":"""",""type"":""image"",""settings"":{""width"":3472,""height"":4624,""focalPoint"":[0.5,0.5]}},{""description"":"""",""slug"":""34ce26_3666eea70af64874a5a75d3edb9e2f52~mv2.jpg"",""alt"":"""",""src"":""wix:image://v1/34ce26_3666eea70af64874a5a75d3edb9e2f52~mv2.jpg/_.jpg#originWidth=3472&originHeight=4624"",""title"":"""",""type"":""image"",""settings"":{""width"":3472,""height"":4624,""focalPoint"":[0.5,0.5]}},{""description"":"""",""slug"":""34ce26_c9bf2b3537454aa5a95ac93fe8809212~mv2.jpg"",""alt"":"""",""src"":""wix:image://v1/34ce26_c9bf2b3537454aa5a95ac93fe8809212~mv2.jpg/_.jpg#originWidth=3383&originHeight=4506"",""title"":"""",""type"":""image"",""settings"":{""width"":3383,""height"":4506,""focalPoint"":[0.5,0.5]}},{""description"":"""",""slug"":""34ce26_630cf98b6aa4470eaf9f40ff68b1fa69~mv2.jpg"",""alt"":"""",""src"":""wix:image://v1/34ce26_630cf98b6aa4470eaf9f40ff68b1fa69~mv2.jpg/_.jpg#originWidth=3359&originHeight=4474"",""title"":"""",""type"":""image"",""settings"":{""width"":3359,""height"":4474,""focalPoint"":[0.5,0.5]}},{""description"":"""",""slug"":""34ce26_478aa2c5055e41c29ca14d19b244755f~mv2.jpg"",""alt"":"""",""src"":""wix:image://v1/34ce26_478aa2c5055e41c29ca14d19b244755f~mv2.jpg/_.jpg#originWidth=3472&originHeight=4624"",""title"":"""",""type"":""image"",""settings"":{""width"":3472,""height"":4624,""focalPoint"":[0.5,0.5]}},{""description"":"""",""slug"":""34ce26_75179f7c79f4475998a589a963f80330~mv2.jpg"",""alt"":"""",""src"":""wix:image://v1/34ce26_75179f7c79f4475998a589a963f80330~mv2.jpg/_.jpg#originWidth=3472&originHeight=4624"",""title"":"""",""type"":""image"",""settings"":{""width"":3472,""height"":4624,""focalPoint"":[0.5,0.5]}},{""description"":"""",""slug"":""34ce26_3be7af98506b422bbbf412ef769a88db~mv2.jpg"",""alt"":"""",""src"":""wix:image://v1/34ce26_3be7af98506b422bbbf412ef769a88db~mv2.jpg/_.jpg#originWidth=3379&originHeight=4499"",""title"":"""",""type"":""image"",""settings"":{""width"":3379,""height"":4499,""focalPoint"":[0.5,0.5]}}]",,"<p class=""font_8"">O Probel Michelini combina os benefícios das espumas firmes com a estabilidade individual proporcionada pelo sistema antirruído do molejo mais querido do mundo, aquele das molas ensacadas individualmente e que quando um se movimenta o outro não sente.</p>
<p class=""font_8""><br></p>
<p class=""font_8"">O segundo Nível de Firmeza traz 3 espumas em sua composição, a High Resilience Gel, a espuma D40 e a espuma de Alta Densidade, em conjunto para proporcionar primeiro toque firme e aveludado, sustentação de alta qualidade e durabilidade.</p>
<p class=""font_8""><br></p>
<p class=""font_8"">As partículas de gel da camada de espuma High Resilience estimulam a circulação sanguínea e reduzem a sensação térmica na superfície entre 2 e 4 graus celsius. O conforto térmico, gerado pelo gel termorregulador, estimula a se manter por mais tempo na mesma posição durante o sono, o que contribui para um maior descanso e um sono de qualidade.</p>
<p class=""font_8""><br></p>
<p class=""font_8"">Apresentando tecido nobre em malha com fibra de linho, entrega uma ótima elasticidade e flexibilidade com um suave toque refrescante. Essa combinação possibilita uma melhor adequação com suas espumas, reconhecidas por sua qualidade, resistência e firmeza.</p>
<p class=""font_8""><br></p>
<p class=""font_8"">O perímetro de espuma D28 da borda aumenta ainda mais o espaço de conforto e proporciona maior estabilidade nas extremidades do seu colchão.</p>
<p class=""font_8""><br></p>
<p class=""font_8"">A base de espuma recebe tratamento antiácaro, antifungo e possui alta capacidade na absorção de peso. Seu suporte reforçado e a alta densidade suportam até 200 kg por indivíduo. Proporciona durabilidade e aconchego, ideais para quem tem preferência por colchões firmes.</p>","https://wa.me/551930142659?text=Ol%C3%A1!%20Gostaria%20de%20mais%20informa%C3%A7%C3%B5es%20sobre%20o%20Colch%C3%A3o%20Mola%20Ensacada%20Probel%20Michelini%20Ultra%20Gel%20(%20https%3A%2F%2Fwww.probeljaguariuna.com.br%2Fcolchao%2Fcolch%25C3%25A3o-mola-ensacada-probel-michelini-ultra-gel%20).",,"{""nodes"":[{""type"":""PARAGRAPH"",""id"":""foo"",""nodes"":[{""type"":""TEXT"",""id"":"""",""nodes"":[],""textData"":{""text"":""Medidas (LxCxA)"",""decorations"":[{""type"":""BOLD"",""fontWeightValue"":700}]}}],""paragraphData"":{""textStyle"":{""textAlignment"":""AUTO""},""indentation"":0}},{""type"":""PARAGRAPH"",""id"":""5huqf2490"",""nodes"":[],""paragraphData"":{""textStyle"":{""textAlignment"":""AUTO""},""indentation"":0}},{""type"":""BULLETED_LIST"",""id"":""ynt0s2514"",""nodes"":[{""type"":""LIST_ITEM"",""id"":""zpxkw2515"",""nodes"":[{""type"":""PARAGRAPH"",""id"":""pbwjz2427"",""nodes"":[{""type"":""TEXT"",""id"":"""",""nodes"":[],""textData"":{""text"":""Solteiro - 0,88m x 1,88m x 30cm"",""decorations"":[{""type"":""COLOR"",""colorData"":{""background"":""var(--ricos-custom-p-background-color,unset)""}}]}}],""paragraphData"":{""textStyle"":{""textAlignment"":""AUTO""},""indentation"":0}}]},{""type"":""LIST_ITEM"",""id"":""bifie2517"",""nodes"":[{""type"":""PARAGRAPH"",""id"":""viewer-91eab5564"",""nodes"":[{""type"":""TEXT"",""id"":"""",""nodes"":[],""textData"":{""text"":""Casal - 1,38m x 1,88m x 30cm"",""decorations"":[{""type"":""COLOR"",""colorData"":{""background"":""var(--ricos-custom-p-background-color,unset)""}}]}}],""paragraphData"":{""textStyle"":{""textAlignment"":""AUTO""}}}]},{""type"":""LIST_ITEM"",""id"":""6khby2519"",""nodes"":[{""type"":""PARAGRAPH"",""id"":""viewer-i4d9m5583"",""nodes"":[{""type"":""TEXT"",""id"":"""",""nodes"":[],""textData"":{""text"":""Queen - 1,58m x 1,98m x 30cm"",""decorations"":[]}}],""paragraphData"":{""textStyle"":{""textAlignment"":""AUTO""}}}]},{""type"":""LIST_ITEM"",""id"":""42hxy2521"",""nodes"":[{""type"":""PARAGRAPH"",""id"":""viewer-hzozp5623"",""nodes"":[{""type"":""TEXT"",""id"":"""",""nodes"":[],""textData"":{""text"":""King Size- 1,93m x 2,03m x 30cm"",""decorations"":[{""type"":""COLOR"",""colorData"":{""background"":""var(--ricos-custom-p-background-color,unset)""}}]}}],""paragraphData"":{""textStyle"":{""textAlignment"":""AUTO""}}}]}],""bulletedListData"":{""indentation"":0,""offset"":0}}],""metadata"":{""version"":1,""createdTimestamp"":""2022-12-19T17:56:18.279Z"",""updatedTimestamp"":""2022-12-19T17:56:18.279Z"",""id"":""6ffc234b-9f98-44ae-995a-89344be0ba1f""},""documentStyle"":{}}","/colchao/","/colchao/colch%C3%A3o-mola-ensacada-probel-michelini-ultra-gel","2586f80b-2249-4196-bf8a-c8e1e25f18ef",2024-07-20T00:45:25Z,2026-01-21T19:40:47Z,"3e41d719-849c-454e-984f-8ce84a2fe621","Colchão","Mola Ensacada","D45 | HR Gel","D20 cilíndrica","Europeu","One-Side, não precisa ser virado","Firme","até 200 Kg por pessoa","casais com biotipos diferentes","Qualidade Aprovada | INMETRO","D45 ",,2024-07-20T00:45:25Z,2025-02-12T00:52:55Z,"34ce267c-cd8a-4d74-a8d8-247105b8e36a",2024-07-20T00:03:03Z,,"Colchão Michelini Ultra Gel","Sistema de Molejo: Mola Ensacada
Espuma do Estofamento: D45 | HR Gel
Espuma do Matelassê: D20 cilíndrica
Pillow: Europeu
Tecnologia: One-Side, não precisa ser virado
Nível de Firmeza: Firme
Suporte: até 200 Kg por pessoa
Indicado para: casais com biotipos diferentes
Densidade: D45 | D20
Certificados: Qualidade Aprovada | INMETRO",,
"PUBLISHED","Colchão  Probel Poesy","wix:image://v1/34ce26_37eee4a87ee74872a6ec1990c7d1f395~mv2.jpeg/M%C3%ADdia%20(7).jpeg#originWidth=1328&originHeight=1769","[{""description"":"""",""slug"":""34ce26_37e3bd704aed4a7ba25e7ded42d707df~mv2.jpeg"",""alt"":"""",""src"":""wix:image://v1/34ce26_37e3bd704aed4a7ba25e7ded42d707df~mv2.jpeg/_.jpeg#originWidth=601&originHeight=800"",""title"":"""",""type"":""image"",""settings"":{""width"":601,""height"":800,""focalPoint"":[0.5,0.5]}},{""description"":"""",""slug"":""34ce26_f2079149081648c68f800af67fd0e610~mv2.jpeg"",""alt"":"""",""src"":""wix:image://v1/34ce26_f2079149081648c68f800af67fd0e610~mv2.jpeg/_.jpeg#originWidth=1328&originHeight=1769"",""title"":"""",""type"":""image"",""settings"":{""width"":1328,""height"":1769,""focalPoint"":[0.5,0.5]}},{""description"":"""",""slug"":""34ce26_ff1af4bbd6d34e269f53dfb231d28251~mv2.jpeg"",""alt"":"""",""src"":""wix:image://v1/34ce26_ff1af4bbd6d34e269f53dfb231d28251~mv2.jpeg/_.jpeg#originWidth=1384&originHeight=1699"",""title"":"""",""type"":""image"",""settings"":{""width"":1384,""height"":1699,""focalPoint"":[0.5,0.5]}},{""description"":"""",""slug"":""34ce26_f8e4913d413242f3a0397457d7f47c86~mv2.jpeg"",""alt"":"""",""src"":""wix:image://v1/34ce26_f8e4913d413242f3a0397457d7f47c86~mv2.jpeg/_.jpeg#originWidth=1328&originHeight=1769"",""title"":"""",""type"":""image"",""settings"":{""width"":1328,""height"":1769,""focalPoint"":[0.5,0.5]}},{""description"":"""",""slug"":""34ce26_a3b10a291d0d463ba6cce1d264cb55ef~mv2.jpeg"",""alt"":"""",""src"":""wix:image://v1/34ce26_a3b10a291d0d463ba6cce1d264cb55ef~mv2.jpeg/_.jpeg#originWidth=1328&originHeight=1769"",""title"":"""",""type"":""image"",""settings"":{""width"":1328,""height"":1769,""focalPoint"":[0.5,0.5]}},{""description"":"""",""slug"":""34ce26_069e61b3c1d44ad791d5256c49c444ef~mv2.jpeg"",""alt"":"""",""src"":""wix:image://v1/34ce26_069e61b3c1d44ad791d5256c49c444ef~mv2.jpeg/_.jpeg#originWidth=2891&originHeight=3251"",""title"":"""",""type"":""image"",""settings"":{""width"":2891,""height"":3251,""focalPoint"":[0.5,0.5]}},{""description"":"""",""slug"":""34ce26_8015950e3dda42eabcde508c55158c46~mv2.jpeg"",""alt"":"""",""src"":""wix:image://v1/34ce26_8015950e3dda42eabcde508c55158c46~mv2.jpeg/_.jpeg#originWidth=1397&originHeight=1682"",""title"":"""",""type"":""image"",""settings"":{""width"":1397,""height"":1682,""focalPoint"":[0.5,0.5]}},{""description"":"""",""slug"":""34ce26_2f661356f6754d10a6f1496d5bf872e5~mv2.png"",""alt"":"""",""src"":""wix:image://v1/34ce26_2f661356f6754d10a6f1496d5bf872e5~mv2.png/_.png#originWidth=2048&originHeight=2048"",""title"":"""",""type"":""image"",""settings"":{""width"":2048,""height"":2048,""focalPoint"":[0.5,0.5]}},{""description"":"""",""slug"":""34ce26_efc822c1dc674660860400e42c9d16aa~mv2.png"",""alt"":"""",""src"":""wix:image://v1/34ce26_efc822c1dc674660860400e42c9d16aa~mv2.png/_.png#originWidth=2048&originHeight=2048"",""title"":"""",""type"":""image"",""settings"":{""width"":2048,""height"":2048,""focalPoint"":[0.5,0.5]}},{""description"":"""",""slug"":""34ce26_41d3954febc742189b7bb5b1ed13de86~mv2.png"",""alt"":"""",""src"":""wix:image://v1/34ce26_41d3954febc742189b7bb5b1ed13de86~mv2.png/_.png#originWidth=2048&originHeight=2048"",""title"":"""",""type"":""image"",""settings"":{""width"":2048,""height"":2048,""focalPoint"":[0.5,0.5]}},{""description"":"""",""slug"":""34ce26_b5505e77751b441a951f8ce4c497217c~mv2.png"",""alt"":"""",""src"":""wix:image://v1/34ce26_b5505e77751b441a951f8ce4c497217c~mv2.png/_.png#originWidth=2048&originHeight=2048"",""title"":"""",""type"":""image"",""settings"":{""width"":2048,""height"":2048,""focalPoint"":[0.5,0.5]}},{""description"":"""",""slug"":""34ce26_1bcc9e32553540aca7c7783ae327e7b6~mv2.png"",""alt"":"""",""src"":""wix:image://v1/34ce26_1bcc9e32553540aca7c7783ae327e7b6~mv2.png/_.png#originWidth=1000&originHeight=1000"",""title"":"""",""type"":""image"",""settings"":{""width"":1000,""height"":1000,""focalPoint"":[0.5,0.5]}},{""description"":"""",""slug"":""34ce26_10053cd099014969838e45642d5992c0~mv2.png"",""alt"":"""",""src"":""wix:image://v1/34ce26_10053cd099014969838e45642d5992c0~mv2.png/_.png#originWidth=2048&originHeight=2048"",""title"":"""",""type"":""image"",""settings"":{""width"":2048,""height"":2048,""focalPoint"":[0.5,0.5]}},{""description"":"""",""slug"":""34ce26_491dd102f14a4df2835ba5689fe47c97~mv2.png"",""alt"":"""",""src"":""wix:image://v1/34ce26_491dd102f14a4df2835ba5689fe47c97~mv2.png/_.png#originWidth=2048&originHeight=2048"",""title"":"""",""type"":""image"",""settings"":{""width"":2048,""height"":2048,""focalPoint"":[0.5,0.5]}},{""description"":"""",""slug"":""34ce26_bb770830dbf1402abb9a660c9763d169~mv2.png"",""alt"":"""",""src"":""wix:image://v1/34ce26_bb770830dbf1402abb9a660c9763d169~mv2.png/_.png#originWidth=2048&originHeight=2048"",""title"":"""",""type"":""image"",""settings"":{""width"":2048,""height"":2048,""focalPoint"":[0.5,0.5]}}]",,"<p class=""font_8"">Seu corpo merece o melhor suporte e conforto durante a noite, o Gurda Costas Poesy é para quem prefere um colchão mais firme.&nbsp;</p>
<p class=""font_8""><br></p>
<p class=""font_8"">É composto por um mix de espumas feitas para alto suporte, e molejo Prolastic, uma tecnologia exclusiva Probel, quanto maior a pressão, maior a resistência, o que proporciona maior estabilidade e flexibilidade para o seu melhro descanso.&nbsp;</p>
<p class=""font_8"">Possui a base rígida com capacidade para até 160Kg por pessoa.</p>
<p class=""font_8""><br></p>
<p class=""font_8"">Além disso, seu tecido conta com a Tecnologia VBacBlock, que tem como base íons de prata.</p>
<p class=""font_8"">A <strong>VBacBlock</strong> é uma tecnologia antisséptica sustentável aplicada em malhas de colchão, com matéria-prima certificada OEKO-TEX® e Bluesign Approved®. Testada no Laboratório de Biologia da Unicamp, demonstrou <strong>99,99% de eficácia contra o coronavírus (Cepa MHV-3)</strong> e inibe bactérias e outros microrganismos.<br>
A fricção ativa nanocápsulas contendo íons de prata, que liberam propriedades antimicrobianas, promovendo higiene, saúde e uma noite de sono tranquila. A tecnologia mantém sua eficácia por longos períodos.</p>
<p class=""font_8"">Inspirada em práticas antigas, a prata é reconhecida por suas propriedades antimicrobianas, contribuindo para crises respiratórias mais leves e melhorando a qualidade de vida.</p>
<p class=""font_8""><strong>Resultados comprovados:</strong><br>
Os testes, conduzidos conforme normas da Anvisa, validam o VBacBlock como uma solução natural e eficiente para colchões, proporcionando proteção e conforto superior.</p>
<p class=""font_8""><br></p>
<p class=""font_8"">Invista no seu bem-estar com um colhão que vai te proporcionar noites tranquilas e dias cheios de energia!</p>","https://wa.me/551930142659?text=Ol%C3%A1!%20Gostaria%20de%20mais%20informa%C3%A7%C3%B5es%20sobre%20o%20Colch%C3%A3o%20Mola%20Prolastic%20Probel%20Poesy%20(%20https%3A%2F%2Fwww.probeljaguariuna.com.br%2Fcolchao%2Fcolchao-mola-prolastic-poesy%20).",,"{""nodes"":[{""type"":""PARAGRAPH"",""id"":""foo"",""nodes"":[{""type"":""TEXT"",""id"":"""",""nodes"":[],""textData"":{""text"":""Medidas (LxCxA)"",""decorations"":[{""type"":""BOLD"",""fontWeightValue"":700}]}}],""paragraphData"":{""textStyle"":{""textAlignment"":""AUTO""},""indentation"":0}},{""type"":""PARAGRAPH"",""id"":""f4xcc6160"",""nodes"":[],""paragraphData"":{""textStyle"":{""textAlignment"":""AUTO""}}},{""type"":""PARAGRAPH"",""id"":""mznnq6092"",""nodes"":[{""type"":""TEXT"",""id"":"""",""nodes"":[],""textData"":{""text"":""Solteiro - 0,88m x 1,88m x 30cm"",""decorations"":[]}}],""paragraphData"":{""textStyle"":{""textAlignment"":""AUTO""},""indentation"":0}},{""type"":""PARAGRAPH"",""id"":""91eab5564"",""nodes"":[{""type"":""TEXT"",""id"":"""",""nodes"":[],""textData"":{""text"":""Casal - 1,38m x 1,88m x 30cm"",""decorations"":[]}}],""paragraphData"":{""textStyle"":{""textAlignment"":""AUTO""},""indentation"":0}},{""type"":""PARAGRAPH"",""id"":""i4d9m5583"",""nodes"":[{""type"":""TEXT"",""id"":"""",""nodes"":[],""textData"":{""text"":""Queen - 1,58m x 1,88m x 30cm"",""decorations"":[]}}],""paragraphData"":{""textStyle"":{""textAlignment"":""AUTO""},""indentation"":0}},{""type"":""PARAGRAPH"",""id"":""hzozp5623"",""nodes"":[{""type"":""TEXT"",""id"":"""",""nodes"":[],""textData"":{""text"":""King - 1,93m x 2,03m x 30cm"",""decorations"":[]}}],""paragraphData"":{""textStyle"":{""textAlignment"":""AUTO""},""indentation"":0}},{""type"":""PARAGRAPH"",""id"":""8i0ff565"",""nodes"":[],""paragraphData"":{""textStyle"":{""textAlignment"":""AUTO""},""indentation"":0}},{""type"":""PARAGRAPH"",""id"":""7gvh87360"",""nodes"":[{""type"":""TEXT"",""id"":"""",""nodes"":[],""textData"":{""text"":""*Box e cabeceira são vendidos separadamente"",""decorations"":[]}}],""paragraphData"":{""textStyle"":{""textAlignment"":""AUTO""},""indentation"":0}}],""metadata"":{""version"":1,""createdTimestamp"":""2022-12-19T17:56:18.279Z"",""updatedTimestamp"":""2022-12-19T17:56:18.279Z"",""id"":""611c7561-6024-4c80-9cf0-00951f113ece""},""documentStyle"":{}}","/colchao/","/colchao/colch%C3%A3o-mola-prolastic-probel-poesy","2aa1a092-9427-4cc8-af2b-3ba63caa076c",2024-05-21T13:26:19Z,2026-01-21T19:41:11Z,"3e41d719-849c-454e-984f-8ce84a2fe621","Colchão","Prolastic","1: Espuma D40 | 2: Espuma e Alta Densidade",,"Super","Extra do Tecido: VBacBlock (Inibição de bactérias e outros microorganismos) | One-Side, não precisa ser virado","Extra Firme","até 160Kg por indivíduo",,,"D40 | D65","Molejo Extra Firme | ≥ D65 | Base do Suporte do colchão: EPS | Indicação para casais com biotipos parecidos | Qualidade Aprovada | INMETRO",2024-05-21T13:26:19Z,2025-02-12T00:43:19Z,"3e41d719-849c-454e-984f-8ce84a2fe621",2025-01-29T16:30:22Z,,"Colchão Poesy","Sistema de Molejo: Prolastic
Espuma do Estofamento: 1: Espuma D40 | 2: Espuma e Alta Densidade
Pillow: Super
Tecnologia: Extra do Tecido: VBacBlock (Inibição de bactérias e outros microorganismos) | One-Side, não precisa ser virado
Suporte: até 160Kg por indivíduo
Densidade: D40 | D65
Outras Características: Molejo Extra Firme | ≥ D65 | Base do Suporte do colchão: EPS | Indicação para casais com biotipos parecidos | Qualidade Aprovada | INMETRO",,
"PUBLISHED","Colchão de Espuma Divino New Visco","wix:image://v1/34ce26_84ede998e9a547bc88a688422e94a80b~mv2.jpeg/M%C3%ADdia%20(2).jpeg#originWidth=1437&originHeight=1635","[{""description"":"""",""slug"":""34ce26_7d07def573d24776a434dd71ddaf206c~mv2.jpeg"",""alt"":"""",""src"":""wix:image://v1/34ce26_7d07def573d24776a434dd71ddaf206c~mv2.jpeg/_.jpeg#originWidth=1328&originHeight=1769"",""title"":"""",""type"":""image"",""settings"":{""width"":1328,""height"":1769,""focalPoint"":[0.5,0.5]}},{""description"":"""",""slug"":""34ce26_8376d40f6c9d4b6089f48503b3a69af8~mv2.jpeg"",""alt"":"""",""src"":""wix:image://v1/34ce26_8376d40f6c9d4b6089f48503b3a69af8~mv2.jpeg/_.jpeg#originWidth=1328&originHeight=1769"",""title"":"""",""type"":""image"",""settings"":{""width"":1328,""height"":1769,""focalPoint"":[0.5,0.5]}},{""description"":"""",""slug"":""34ce26_ee9c5b82119144a2b13f1cb2f17c368d~mv2.jpeg"",""alt"":"""",""src"":""wix:image://v1/34ce26_ee9c5b82119144a2b13f1cb2f17c368d~mv2.jpeg/_.jpeg#originWidth=1328&originHeight=1769"",""title"":"""",""type"":""image"",""settings"":{""width"":1328,""height"":1769,""focalPoint"":[0.5,0.5]}},{""description"":"""",""slug"":""34ce26_84ede998e9a547bc88a688422e94a80b~mv2.jpeg"",""alt"":"""",""src"":""wix:image://v1/34ce26_84ede998e9a547bc88a688422e94a80b~mv2.jpeg/_.jpeg#originWidth=1437&originHeight=1635"",""title"":"""",""type"":""image"",""settings"":{""width"":1437,""height"":1635,""focalPoint"":[0.5,0.5]}},{""description"":"""",""slug"":""34ce26_c874346cf5e8435abc1f97c6a25bcbc1~mv2.jpeg"",""alt"":"""",""src"":""wix:image://v1/34ce26_c874346cf5e8435abc1f97c6a25bcbc1~mv2.jpeg/_.jpeg#originWidth=1297&originHeight=1812"",""title"":"""",""type"":""image"",""settings"":{""width"":1297,""height"":1812,""focalPoint"":[0.5,0.5]}},{""description"":"""",""slug"":""34ce26_9cb31bfa429a4662ad32ba4d65420647~mv2.jpeg"",""alt"":"""",""src"":""wix:image://v1/34ce26_9cb31bfa429a4662ad32ba4d65420647~mv2.jpeg/_.jpeg#originWidth=1393&originHeight=1687"",""title"":"""",""type"":""image"",""settings"":{""width"":1393,""height"":1687,""focalPoint"":[0.5,0.5]}},{""description"":"""",""slug"":""34ce26_1b98d09424a249f687283b155fadcd34~mv2.jpeg"",""alt"":"""",""src"":""wix:image://v1/34ce26_1b98d09424a249f687283b155fadcd34~mv2.jpeg/_.jpeg#originWidth=1405&originHeight=1673"",""title"":"""",""type"":""image"",""settings"":{""width"":1405,""height"":1673,""focalPoint"":[0.5,0.5]}},{""description"":"""",""slug"":""34ce26_aee6fbf0f45d46e0abc333550185389b~mv2.jpeg"",""alt"":"""",""src"":""wix:image://v1/34ce26_aee6fbf0f45d46e0abc333550185389b~mv2.jpeg/_.jpeg#originWidth=2899&originHeight=3241"",""title"":"""",""type"":""image"",""settings"":{""width"":2899,""height"":3241,""focalPoint"":[0.5,0.5]}},{""description"":"""",""slug"":""34ce26_80ef659cb4e547e3ba22443db380b35e~mv2.jpeg"",""alt"":"""",""src"":""wix:image://v1/34ce26_80ef659cb4e547e3ba22443db380b35e~mv2.jpeg/_.jpeg#originWidth=1416&originHeight=1660"",""title"":"""",""type"":""image"",""settings"":{""width"":1416,""height"":1660,""focalPoint"":[0.5,0.5]}},{""description"":"""",""slug"":""34ce26_f319eb194f884963842b751c130fd16b~mv2.jpeg"",""alt"":"""",""src"":""wix:image://v1/34ce26_f319eb194f884963842b751c130fd16b~mv2.jpeg/_.jpeg#originWidth=1328&originHeight=1769"",""title"":"""",""type"":""image"",""settings"":{""width"":1328,""height"":1769,""focalPoint"":[0.5,0.5]}}]",,"<p class=""font_8"">Um dos colchões de espuma mais procurados por quem prefere firmeza atrelada a maciez na medida ideal, o modelo oferece máxima sustentação de pressão, além de combinar os principais benefícios das mantas de espumas em três camadas com gramatura de malha de 220 gramas e seu tecido em malha. Alta durabilidade, conforto e aconchego com toque firme e aveludado.</p>
<p class=""font_8""><br></p>
<p class=""font_8""><strong>Tecido com Tratamento AntiÁcaro e AntiFungo</strong></p>
<p class=""font_8"">Possui um tratamento especial contra ácaros e outras bactérias, prevenindo e evitando crises alérgicas causadas por ácaros presentes na poeira doméstica.</p>
<p class=""font_8""><br></p>
<p class=""font_8""><strong>Tipo de Bordado do Tecido de Revestimento</strong></p>
<p class=""font_8""><strong>Com Bordado Localizado</strong></p>
<p class=""font_8"">O Bordado Localizado dá volume ao tecido, aumentando assim a sensação de maciez e proporcionando um visual muito bonito ao colchão e uma noite de sono com aconchego e bem estar, com muito conforto e maciez.</p>
<p class=""font_8""><br></p>
<p class=""font_8""><strong>Camadas Interna do Estofamento de Espuma</strong></p>
<p class=""font_8""><strong>Estofamento Interno em Espuma de Poliuretano de Alta Qualidade</strong></p>
<p class=""font_8"">Espuma Poliuretano 100% com certificação de Alta Qualidade dentro dos padrões para exportação.</p>
<p class=""font_8"">Existe uma grande variedade de qualidade de espumas de poliuretano para oferecer maior conforto e vida útil para o seu colchão. Além de alinhamento corporal e melhores noites de sono.</p>
<p class=""font_8""><br></p>
<p class=""font_8""><strong>Estofamento Interno em Espuma Viscoelástica</strong></p>
<p class=""font_8"">A Espuma Viscoelástica foi desenvolvida pela NASA e é uma das mais modernas e confortáveis tecnologias para colchões da atualidade.</p>
<p class=""font_8"">É automassageadora e permite uma menor pressão sobre o corpo, além disso, se molda à forma do corpo facilitando a circulação sanguínea durante o sono evitando formigamentos, aliviando a pressão e garantindo um sono de melhor qualidade.</p>
<p class=""font_8"">Isso significa que a espuma irá diminui os pontos de pressão nos vasos. Reduz em 80% as viradas na cama, oferecendo mais conforto e excelente qualidade.</p>
<p class=""font_8"">Outra vantagem é sua alta sensibilidade à temperatura que, ao simples contato com o calor natural do corpo, e por ser uma espuma fria, diminui a sensação de calor.</p>
<p class=""font_8""><br></p>
<p class=""font_8""><strong>Estofamento Interno em Espuma Visco Gel</strong></p>
<p class=""font_8"">A espuma Visco Gel minimiza os pontos de pressão causados no contato do corpo com a superfície do colchão, melhorando a circulação sanguínea e diminuindo a quantidade de vezes que nos mexemos durante a noite.</p>
<p class=""font_8"">Com isto, alcançamos um sono mais profundo, auxiliando no processo de recuperação do corpo.</p>","https://wa.me/551930142659?text=Ol%C3%A1!%20Gostaria%20de%20mais%20informa%C3%A7%C3%B5es%20sobre%20o%20Colch%C3%A3o%20de%20Espuma%20New%20visco%20(%20https%3A%2F%2Fwww.probeljaguariuna.com.br%2Fcolchao%2Fcolch%25C3%25A3o-de-espuma-divino-new-visco%20).",,"{""nodes"":[{""type"":""PARAGRAPH"",""id"":""foo"",""nodes"":[{""type"":""TEXT"",""id"":"""",""nodes"":[],""textData"":{""text"":""Medidas"",""decorations"":[{""type"":""BOLD"",""fontWeightValue"":700}]}}],""paragraphData"":{""textStyle"":{""textAlignment"":""AUTO""},""indentation"":0}},{""type"":""PARAGRAPH"",""id"":""f4xcc6160"",""nodes"":[],""paragraphData"":{""textStyle"":{""textAlignment"":""AUTO""}}},{""type"":""BULLETED_LIST"",""id"":""i9t702406"",""nodes"":[{""type"":""LIST_ITEM"",""id"":""xqtiq2407"",""nodes"":[{""type"":""PARAGRAPH"",""id"":""mznnq6092"",""nodes"":[{""type"":""TEXT"",""id"":"""",""nodes"":[],""textData"":{""text"":""Solteiro - 0,88m x 1,88m x 30cm"",""decorations"":[]}}],""paragraphData"":{""textStyle"":{""textAlignment"":""AUTO""},""indentation"":0}}]},{""type"":""LIST_ITEM"",""id"":""hgpie2409"",""nodes"":[{""type"":""PARAGRAPH"",""id"":""91eab5564"",""nodes"":[{""type"":""TEXT"",""id"":"""",""nodes"":[],""textData"":{""text"":""Casal - 1,38m x 1,88m x 30cm"",""decorations"":[]}}],""paragraphData"":{""textStyle"":{""textAlignment"":""AUTO""},""indentation"":0}}]},{""type"":""LIST_ITEM"",""id"":""u9i112411"",""nodes"":[{""type"":""PARAGRAPH"",""id"":""i4d9m5583"",""nodes"":[{""type"":""TEXT"",""id"":"""",""nodes"":[],""textData"":{""text"":""Queen - 1,58m x 1,98m x 30cm"",""decorations"":[]}}],""paragraphData"":{""textStyle"":{""textAlignment"":""AUTO""},""indentation"":0}}]},{""type"":""LIST_ITEM"",""id"":""mektq2413"",""nodes"":[{""type"":""PARAGRAPH"",""id"":""hzozp5623"",""nodes"":[{""type"":""TEXT"",""id"":"""",""nodes"":[],""textData"":{""text"":""King Size- 1,93m x 2,03m x 30cm"",""decorations"":[]}}],""paragraphData"":{""textStyle"":{""textAlignment"":""AUTO""},""indentation"":0}}]}],""bulletedListData"":{""indentation"":0,""offset"":0}},{""type"":""PARAGRAPH"",""id"":""z2prr1270"",""nodes"":[],""paragraphData"":{""textStyle"":{""textAlignment"":""AUTO""},""indentation"":0}}],""metadata"":{""version"":1,""createdTimestamp"":""2022-12-19T17:56:18.279Z"",""updatedTimestamp"":""2022-12-19T17:56:18.279Z"",""id"":""84fdf426-26e4-4ba0-b525-30af910e6ffb""},""documentStyle"":{}}","/colchao/","/colchao/colch%C3%A3o-de-espuma-divino-new-visco","2ad03f74-f4a9-48de-a8c4-ee530d99ce4a",2024-06-07T02:52:42Z,2026-01-21T19:33:19Z,"3e41d719-849c-454e-984f-8ce84a2fe621","Colchão",,,,,"One-Side, não precisa ser virado","Firme","Firme | até 150 Kg por indivíduo",,"Qualidade Aprovada | INMETRO","D40","Três camadas de espuma - Poliuretano de Alta Qualidade, Espuma Viscoelástica D40, Espuma Visco Gel | Ortopédico",2024-06-07T02:52:42Z,2025-08-07T13:57:39Z,"34ce267c-cd8a-4d74-a8d8-247105b8e36a",2024-07-30T14:50:47Z,,"Colchão de Espuma","Tecnologia: One-Side, não precisa ser virado
Suporte: Firme | até 150 Kg por indivíduo
Densidade: D40
Certificados: Qualidade Aprovada | INMETRO
Outras Características: Três camadas de espuma - Poliuretano de Alta Qualidade, Espuma Viscoelástica D40, Espuma Visco Gel | Ortopédico",,
"PUBLISHED","Colchão Probel One Max & Bicama","wix:image://v1/34ce26_0c09d54b306043578b0fd3f2c352bed1~mv2.jpg/M%C3%ADdia%20(1).jpg#originWidth=2931&originHeight=3206","[{""description"":"""",""slug"":""34ce26_09e17db90b124c93885a6a4d273ee5e5~mv2.jpg"",""alt"":"""",""src"":""wix:image://v1/34ce26_09e17db90b124c93885a6a4d273ee5e5~mv2.jpg/_.jpg#originWidth=2448&originHeight=2790"",""title"":"""",""type"":""image"",""settings"":{""width"":2448,""height"":2790,""focalPoint"":[0.5,0.5]}},{""description"":"""",""slug"":""34ce26_7c6ce790dd5c4d4fbc591dbbdcd73f01~mv2.jpg"",""alt"":"""",""src"":""wix:image://v1/34ce26_7c6ce790dd5c4d4fbc591dbbdcd73f01~mv2.jpg/_.jpg#originWidth=1350&originHeight=1741"",""title"":"""",""type"":""image"",""settings"":{""width"":1350,""height"":1741,""focalPoint"":[0.5,0.5]}},{""description"":"""",""slug"":""34ce26_c62951306eb54cf184ce176f51b7be99~mv2.jpg"",""alt"":"""",""src"":""wix:image://v1/34ce26_c62951306eb54cf184ce176f51b7be99~mv2.jpg/_.jpg#originWidth=601&originHeight=800"",""title"":"""",""type"":""image"",""settings"":{""width"":601,""height"":800,""focalPoint"":[0.5,0.5]}},{""description"":"""",""slug"":""34ce26_7856ec5e299f4ecd8683b1f2c5c23c03~mv2.jpg"",""alt"":"""",""src"":""wix:image://v1/34ce26_7856ec5e299f4ecd8683b1f2c5c23c03~mv2.jpg/_.jpg#originWidth=1357&originHeight=1731"",""title"":"""",""type"":""image"",""settings"":{""width"":1357,""height"":1731,""focalPoint"":[0.5,0.5]}},{""description"":"""",""slug"":""34ce26_e1507564fa7a4a779fe6e48052907f98~mv2.jpg"",""alt"":"""",""src"":""wix:image://v1/34ce26_e1507564fa7a4a779fe6e48052907f98~mv2.jpg/_.jpg#originWidth=1328&originHeight=1769"",""title"":"""",""type"":""image"",""settings"":{""width"":1328,""height"":1769,""focalPoint"":[0.5,0.5]}},{""description"":"""",""slug"":""34ce26_0c09d54b306043578b0fd3f2c352bed1~mv2.jpg"",""alt"":"""",""src"":""wix:image://v1/34ce26_0c09d54b306043578b0fd3f2c352bed1~mv2.jpg/_.jpg#originWidth=2931&originHeight=3206"",""title"":"""",""type"":""image"",""settings"":{""width"":2931,""height"":3206,""focalPoint"":[0.5,0.5]}},{""description"":"""",""slug"":""34ce26_c88ab2ef859c4f9a8be5f07ccc2b4f2c~mv2.jpg"",""alt"":"""",""src"":""wix:image://v1/34ce26_c88ab2ef859c4f9a8be5f07ccc2b4f2c~mv2.jpg/_.jpg#originWidth=1389&originHeight=1692"",""title"":"""",""type"":""image"",""settings"":{""width"":1389,""height"":1692,""focalPoint"":[0.5,0.5]}},{""description"":"""",""slug"":""34ce26_e44e85f5ae8a490bb9b9d05a5b136170~mv2.jpg"",""alt"":"""",""src"":""wix:image://v1/34ce26_e44e85f5ae8a490bb9b9d05a5b136170~mv2.jpg/_.jpg#originWidth=1395&originHeight=1684"",""title"":"""",""type"":""image"",""settings"":{""width"":1395,""height"":1684,""focalPoint"":[0.5,0.5]}},{""description"":"""",""slug"":""34ce26_5d776eb085ae42c6bd9f1eb7d719df6a~mv2.jpg"",""alt"":"""",""src"":""wix:image://v1/34ce26_5d776eb085ae42c6bd9f1eb7d719df6a~mv2.jpg/_.jpg#originWidth=1328&originHeight=1769"",""title"":"""",""type"":""image"",""settings"":{""width"":1328,""height"":1769,""focalPoint"":[0.5,0.5]}},{""description"":"""",""slug"":""34ce26_146a6a358ed140778f87722b64584612~mv2.jpg"",""alt"":"""",""src"":""wix:image://v1/34ce26_146a6a358ed140778f87722b64584612~mv2.jpg/_.jpg#originWidth=1328&originHeight=1769"",""title"":"""",""type"":""image"",""settings"":{""width"":1328,""height"":1769,""focalPoint"":[0.5,0.5]}},{""description"":"""",""slug"":""34ce26_9994af04df8e45bd97d0cc589e144bf5~mv2.png"",""alt"":"""",""src"":""wix:image://v1/34ce26_9994af04df8e45bd97d0cc589e144bf5~mv2.png/_.png#originWidth=2048&originHeight=2048"",""title"":"""",""type"":""image"",""settings"":{""width"":2048,""height"":2048,""focalPoint"":[0.5,0.5]}},{""description"":"""",""slug"":""34ce26_073fff60a2e74890a5b18f75a17b4d87~mv2.png"",""alt"":"""",""src"":""wix:image://v1/34ce26_073fff60a2e74890a5b18f75a17b4d87~mv2.png/_.png#originWidth=2048&originHeight=2048"",""title"":"""",""type"":""image"",""settings"":{""width"":2048,""height"":2048,""focalPoint"":[0.5,0.5]}},{""description"":"""",""slug"":""34ce26_e61aabb563624c53be4064edaeaf7651~mv2.png"",""alt"":"""",""src"":""wix:image://v1/34ce26_e61aabb563624c53be4064edaeaf7651~mv2.png/_.png#originWidth=2048&originHeight=2048"",""title"":"""",""type"":""image"",""settings"":{""width"":2048,""height"":2048,""focalPoint"":[0.5,0.5]}},{""description"":"""",""slug"":""34ce26_acca6664316e40a4bdf2ec8ebac8eff7~mv2.png"",""alt"":"""",""src"":""wix:image://v1/34ce26_acca6664316e40a4bdf2ec8ebac8eff7~mv2.png/_.png#originWidth=2048&originHeight=2048"",""title"":"""",""type"":""image"",""settings"":{""width"":2048,""height"":2048,""focalPoint"":[0.5,0.5]}},{""description"":"""",""slug"":""34ce26_397e79a222034dd4bbe6bebbdaa66832~mv2.png"",""alt"":"""",""src"":""wix:image://v1/34ce26_397e79a222034dd4bbe6bebbdaa66832~mv2.png/_.png#originWidth=2048&originHeight=2048"",""title"":"""",""type"":""image"",""settings"":{""width"":2048,""height"":2048,""focalPoint"":[0.5,0.5]}},{""description"":"""",""slug"":""34ce26_c3af1e2012b746c3991451f87b210c90~mv2.png"",""alt"":"""",""src"":""wix:image://v1/34ce26_c3af1e2012b746c3991451f87b210c90~mv2.png/_.png#originWidth=2048&originHeight=2048"",""title"":"""",""type"":""image"",""settings"":{""width"":2048,""height"":2048,""focalPoint"":[0.5,0.5]}},{""description"":"""",""slug"":""34ce26_fb63fd908d5440fb8aa1407f8663e4c3~mv2.png"",""alt"":"""",""src"":""wix:image://v1/34ce26_fb63fd908d5440fb8aa1407f8663e4c3~mv2.png/_.png#originWidth=2048&originHeight=2048"",""title"":"""",""type"":""image"",""settings"":{""width"":2048,""height"":2048,""focalPoint"":[0.5,0.5]}},{""description"":"""",""slug"":""34ce26_472d3704e14e4a488df332cdecf1dbcc~mv2.png"",""alt"":"""",""src"":""wix:image://v1/34ce26_472d3704e14e4a488df332cdecf1dbcc~mv2.png/_.png#originWidth=1000&originHeight=1000"",""title"":"""",""type"":""image"",""settings"":{""width"":1000,""height"":1000,""focalPoint"":[0.5,0.5]}}]",,"<p class=""font_8"">O colchão de Molas Ensacadas One Max oferece o conforto que você merece!&nbsp;</p>
<p class=""font_8"">Imagine dormir em um abraço macio, com o conforto da espuma D28 e o suporte individualizado das molas ensacadas, onde, quando um se movimenta, o outro não sente!&nbsp;</p>
<p class=""font_8""><br></p>
<p class=""font_8"">Com equilíbrio perfeito entre aconchego e firmeza, o Colchão One Max vai transfomrar suas noites, tudo isso com um custo-benefício imbatível!&nbsp;</p>
<p class=""font_8""><br></p>
<p class=""font_8"">Descubra a perfeita harmonia entre conforto, sustentação e durabilidade com o Colchão One Max. Aproveite noites de sono revigorantes e acorde renovado todos os dias.</p>","https://wa.me/551930142659?text=Ol%C3%A1!%20Gostaria%20de%20mais%20informa%C3%A7%C3%B5es%20sobre%20Colch%C3%A3o%20Mola%20Ensacada%20Probel%20One%20Max%20%26%20Bicama%20(%20https%3A%2F%2Fwww.probeljaguariuna.com.br%2Fcolchao%2Fcolch%25C3%25A3o-mola-ensacada-probel-one-max-bicama%20).",,"{""nodes"":[{""type"":""PARAGRAPH"",""id"":""foo"",""nodes"":[{""type"":""TEXT"",""id"":"""",""nodes"":[],""textData"":{""text"":""Medidas"",""decorations"":[{""type"":""BOLD"",""fontWeightValue"":700}]}}],""paragraphData"":{""textStyle"":{""textAlignment"":""AUTO""},""indentation"":0}},{""type"":""PARAGRAPH"",""id"":""f4xcc6160"",""nodes"":[],""paragraphData"":{""textStyle"":{""textAlignment"":""AUTO""}}},{""type"":""BULLETED_LIST"",""id"":""n236b931"",""nodes"":[{""type"":""LIST_ITEM"",""id"":""80zpv932"",""nodes"":[{""type"":""PARAGRAPH"",""id"":""mznnq6092"",""nodes"":[{""type"":""TEXT"",""id"":"""",""nodes"":[],""textData"":{""text"":""Solteiro - 0,88m x 1,88m x 30cm"",""decorations"":[]}}],""paragraphData"":{""textStyle"":{""textAlignment"":""AUTO""},""indentation"":0}}]},{""type"":""LIST_ITEM"",""id"":""6hgqn934"",""nodes"":[{""type"":""PARAGRAPH"",""id"":""91eab5564"",""nodes"":[{""type"":""TEXT"",""id"":"""",""nodes"":[],""textData"":{""text"":""Casal - 1,38m x 1,88m x 30cm"",""decorations"":[]}}],""paragraphData"":{""textStyle"":{""textAlignment"":""AUTO""},""indentation"":0}}]},{""type"":""LIST_ITEM"",""id"":""olcvh936"",""nodes"":[{""type"":""PARAGRAPH"",""id"":""i4d9m5583"",""nodes"":[{""type"":""TEXT"",""id"":"""",""nodes"":[],""textData"":{""text"":""Queen - 1,58m x 1,98m x 30cm"",""decorations"":[]}}],""paragraphData"":{""textStyle"":{""textAlignment"":""AUTO""},""indentation"":0}}]},{""type"":""LIST_ITEM"",""id"":""srw7s938"",""nodes"":[{""type"":""PARAGRAPH"",""id"":""hzozp5623"",""nodes"":[{""type"":""TEXT"",""id"":"""",""nodes"":[],""textData"":{""text"":""King Size - 1,93m x 2,03m x 30cm"",""decorations"":[]}}],""paragraphData"":{""textStyle"":{""textAlignment"":""AUTO""},""indentation"":0}}]}],""bulletedListData"":{""indentation"":0}},{""type"":""PARAGRAPH"",""id"":""8i0ff565"",""nodes"":[],""paragraphData"":{""textStyle"":{""textAlignment"":""AUTO""},""indentation"":0}}],""documentStyle"":{}}","/colchao/","/colchao/colch%C3%A3o-mola-ensacada-probel-one-max-%26-bicama","37299c6d-6881-4d9f-a69c-3f866e850789",2025-04-09T15:08:46Z,2026-01-21T19:40:30Z,"3e41d719-849c-454e-984f-8ce84a2fe621",,"Mola Ensacada","D28","D20 cilíndrica","Flat","One-Side, não precisa ser virado","Intermediário ","até 110 Kg por indivíduo","casais com biotipos diferentes","Qualidade Aprovada | INMETRO","D28 ","Classificação do Colchão casal  intermediário | Molejo Intermediário",2025-04-09T15:08:46Z,2025-04-09T18:31:34Z,"34ce267c-cd8a-4d74-a8d8-247105b8e36a",2025-04-09T18:27:57Z,,"Colchão One Max","Sistema de Molejo: Mola Ensacada
Espuma do Estofamento: D28
Espuma do Matelassê: D20 cilíndrica
Pillow: Flat
Tecnologia: One-Side, não precisa ser virado
Suporte: até 110 Kg por indivíduo
Indicado para: casais com biotipos diferentes
Densidade: D28 | D20
Certificados: Qualidade Aprovada | INMETRO
Outras Características: Classificação do Colchão casal  intermediário | Molejo Intermediário",,
"PUBLISHED","Colchão  Probel One Springs ","wix:image://v1/34ce26_a83a46067e784250a9fdb69c9336a9f4~mv2.jpg/M%C3%ADdia%20(8).jpg#originWidth=1369&originHeight=1717","[{""description"":"""",""slug"":""34ce26_a83a46067e784250a9fdb69c9336a9f4~mv2.jpg"",""alt"":"""",""src"":""wix:image://v1/34ce26_a83a46067e784250a9fdb69c9336a9f4~mv2.jpg/_.jpg#originWidth=1369&originHeight=1717"",""title"":"""",""type"":""image"",""settings"":{""width"":1369,""height"":1717,""focalPoint"":[0.5,0.5]}},{""description"":"""",""slug"":""34ce26_c6d9e2a1a5264e069147583d314f3e05~mv2.jpg"",""alt"":"""",""src"":""wix:image://v1/34ce26_c6d9e2a1a5264e069147583d314f3e05~mv2.jpg/_.jpg#originWidth=1328&originHeight=1769"",""title"":"""",""type"":""image"",""settings"":{""width"":1328,""height"":1769,""focalPoint"":[0.5,0.5]}},{""description"":"""",""slug"":""34ce26_e7399bde809f489786a05fbf63aa8fc9~mv2.jpg"",""alt"":"""",""src"":""wix:image://v1/34ce26_e7399bde809f489786a05fbf63aa8fc9~mv2.jpg/_.jpg#originWidth=1328&originHeight=1769"",""title"":"""",""type"":""image"",""settings"":{""width"":1328,""height"":1769,""focalPoint"":[0.5,0.5]}},{""description"":"""",""slug"":""34ce26_d705bb6d2d364f64913c9460b577fdea~mv2.jpg"",""alt"":"""",""src"":""wix:image://v1/34ce26_d705bb6d2d364f64913c9460b577fdea~mv2.jpg/_.jpg#originWidth=1328&originHeight=1769"",""title"":"""",""type"":""image"",""settings"":{""width"":1328,""height"":1769,""focalPoint"":[0.5,0.5]}},{""description"":"""",""slug"":""34ce26_d0b9ea73aedf448a94d17b6e96b658ff~mv2.jpg"",""alt"":"""",""src"":""wix:image://v1/34ce26_d0b9ea73aedf448a94d17b6e96b658ff~mv2.jpg/_.jpg#originWidth=1328&originHeight=1769"",""title"":"""",""type"":""image"",""settings"":{""width"":1328,""height"":1769,""focalPoint"":[0.5,0.5]}},{""description"":"""",""slug"":""34ce26_93fa114c7ba644ad8d5befb6ab39fe47~mv2.jpg"",""alt"":"""",""src"":""wix:image://v1/34ce26_93fa114c7ba644ad8d5befb6ab39fe47~mv2.jpg/_.jpg#originWidth=1383&originHeight=1700"",""title"":"""",""type"":""image"",""settings"":{""width"":1383,""height"":1700,""focalPoint"":[0.5,0.5]}},{""description"":"""",""slug"":""34ce26_df3e5979e88e4fb0b9c44b631d558eb7~mv2.png"",""alt"":"""",""src"":""wix:image://v1/34ce26_df3e5979e88e4fb0b9c44b631d558eb7~mv2.png/ONE%2520SPRINGS%2520CT8%252020CM%2520-%2520C%2520(2).png#originWidth=2048&originHeight=2048"",""title"":""ONE SPRINGS CT8 20CM - C (2).png"",""type"":""image"",""settings"":{""width"":2048,""height"":2048,""focalPoint"":[0.5,0.5]}},{""description"":"""",""slug"":""34ce26_094ccd0694b44f2e8e604853f89b85f0~mv2.png"",""alt"":"""",""src"":""wix:image://v1/34ce26_094ccd0694b44f2e8e604853f89b85f0~mv2.png/ONE%2520SPRINGS%2520CT8%252020CM%2520-%2520C%2520(5).png#originWidth=2048&originHeight=2048"",""title"":""ONE SPRINGS CT8 20CM - C (5).png"",""type"":""image"",""settings"":{""width"":2048,""height"":2048,""focalPoint"":[0.5,0.5]}},{""description"":"""",""slug"":""34ce26_c0fa5c554e28442daf26a2423df96c1f~mv2.png"",""alt"":"""",""src"":""wix:image://v1/34ce26_c0fa5c554e28442daf26a2423df96c1f~mv2.png/ONE%2520SPRINGS%2520CT8%252020CM%2520-%2520C%2520(6).png#originWidth=2048&originHeight=2048"",""title"":""ONE SPRINGS CT8 20CM - C (6).png"",""type"":""image"",""settings"":{""width"":2048,""height"":2048,""focalPoint"":[0.5,0.5]}},{""description"":"""",""slug"":""34ce26_96158bed4fb840b0a99437417f15c133~mv2.png"",""alt"":"""",""src"":""wix:image://v1/34ce26_96158bed4fb840b0a99437417f15c133~mv2.png/ONE%2520SPRINGS%2520CT8%252020CM%2520-%2520C%2520(1).png#originWidth=2048&originHeight=2048"",""title"":""ONE SPRINGS CT8 20CM - C (1).png"",""type"":""image"",""settings"":{""width"":2048,""height"":2048,""focalPoint"":[0.5,0.5]}},{""description"":"""",""slug"":""34ce26_ae6bd3f518174183a9d35e67af7b7044~mv2.png"",""alt"":"""",""src"":""wix:image://v1/34ce26_ae6bd3f518174183a9d35e67af7b7044~mv2.png/ONE%2520SPRINGS%2520CT8%252020CM%2520-%2520C%2520(8).png#originWidth=2048&originHeight=2048"",""title"":""ONE SPRINGS CT8 20CM - C (8).png"",""type"":""image"",""settings"":{""width"":2048,""height"":2048,""focalPoint"":[0.5,0.5]}},{""description"":"""",""slug"":""34ce26_a2e385dba39a445f84f7a1293ddf90ad~mv2.png"",""alt"":"""",""src"":""wix:image://v1/34ce26_a2e385dba39a445f84f7a1293ddf90ad~mv2.png/ONE%2520SPRINGS%2520CT8%252020CM%2520-%2520C%2520(3).png#originWidth=2048&originHeight=2048"",""title"":""ONE SPRINGS CT8 20CM - C (3).png"",""type"":""image"",""settings"":{""width"":2048,""height"":2048,""focalPoint"":[0.5,0.5]}},{""description"":"""",""slug"":""34ce26_b2817626bfa849d7b14705f950ee3cff~mv2.png"",""alt"":"""",""src"":""wix:image://v1/34ce26_b2817626bfa849d7b14705f950ee3cff~mv2.png/ONE%2520SPRINGS%2520CT8%252020CM%2520-%2520C%2520(4).png#originWidth=2048&originHeight=2048"",""title"":""ONE SPRINGS CT8 20CM - C (4).png"",""type"":""image"",""settings"":{""width"":2048,""height"":2048,""focalPoint"":[0.5,0.5]}},{""description"":"""",""slug"":""34ce26_d86a0359a610439293e1d0ca983bbea1~mv2.png"",""alt"":"""",""src"":""wix:image://v1/34ce26_d86a0359a610439293e1d0ca983bbea1~mv2.png/ONE%2520SPRINGS%2520CT8%252020CM%2520-%2520C%2520(12).png#originWidth=1000&originHeight=1000"",""title"":""ONE SPRINGS CT8 20CM - C (12).png"",""type"":""image"",""settings"":{""width"":1000,""height"":1000,""focalPoint"":[0.5,0.5]}}]",,"<p class=""font_8"">O Colchão One Springs traz até você a tecnologia das espumas ProMax Prodormir oferecendo o que há de melhor no quesito conforto para o seu descanso</p>
<p class=""font_8""><br></p>
<p class=""font_8"">O equilíbrio perfeito entre macio e firme.</p>
<p class=""font_8"">Desfrute do equilíbrio perfeito entre maciez e firmeza com o Colchão One Springs. Você experimentará um modelo de firmeza intermediária que proporciona um conforto excepcional, moldando-se aos pontos de maior pressão do seu corpo. Este colchão é a escolha ideal para quem busca um suporte alinhado à coluna, mantendo o máximo aconchego.</p>
<p class=""font_8""><br></p>
<p class=""font_8""><strong>Espumas ProMax Prodormir</strong></p>
<p class=""font_8"">A espuma do Conjunto Box Casal One Springs foi desenvolvida com a Tecnologia ProMax Prodormir, que passa por rigorosos testes de qualidade em laboratório e recebe tratamento antiácaro e antifungo.</p>
<p class=""font_8"">Com alto padrão de qualidade, a manta de espumas com densidade D28 do Colchão One Springs contribui para uma sustentação intermediária, atendendo tanto aqueles que estão acostumados com a sensação firme quanto os que preferem uma superfície mais macia.</p>
<p class=""font_8"">Descubra a perfeita harmonia entre conforto, sustentação e durabilidade com o Colchao One Springs. Aproveite noites de sono revigorantes e acorde renovado todos os dias.</p>
<p class=""font_8""><br></p>
<p class=""font_8""><strong>Molas Ensacadas Prodormir</strong></p>
<p class=""font_8"">Descubra o Conforto Superior das Molas Ensacadas para Noites de Sono Perfeitas!</p>
<p class=""font_8"">Viva o Luxo do Molejo Mais Avançado do Mercado!</p>
<p class=""font_8"">As Molas Ensacadas são a escolha definitiva para aqueles que buscam o máximo conforto e durabilidade em um colchão. Com design revolucionário, cada mola é cuidadosamente fabricada em aço carbono temperado, tornando-as incrivelmente resistentes.</p>
<p class=""font_8""><br></p>
<p class=""font_8"">Quando se compartilha o colchão com um parceiro que possui um biotipo diferente, as Molas Ensacadas Prodormir são a escolha perfeita! Mesmo quando um parceiro se movimenta durante a noite, o outro não sentirá absolutamente nada, graças ao avançado sistema de isolamento de movimento oferecido pelas molas ensacadas individualmente. Isso significa que ambos os parceiros podem desfrutar de noites de sono ininterruptas e revigorantes, independente dos movimentos de um ou outro.</p>
<p class=""font_8""><br></p>
<p class=""font_8""><strong>Noites Tranquilas para Casais com Biotipos Diferentes</strong></p>
<p class=""font_8"">Imagine-se deitado em um colchão que se ajusta de maneira suave e personalizada às curvas do seu corpo, proporcionando um suporte ideal exatamente onde você precisa. Com as Molas Ensacadas, você experimentará o conforto que só pode ser encontrado em um colchão que foi criado com a sua qualidade de sono em mente. Eleve o nível da sua noite de sono e descubra o que é verdadeiramente descansar.</p>
<p class=""font_8""><br></p>
<p class=""font_8""><strong>Benefícios das Molas Ensacadas Individualmente da Prodormir:</strong></p>
<p class=""font_8"">- O colchão se adapta ao corpo de cada pessoa que deita;</p>
<p class=""font_8"">- Permite melhor alinhamento da coluna com o quadril;</p>
<p class=""font_8"">- Se encaixa e preenche as curvaturas do corpo;</p>
<p class=""font_8"">- Não há a transmissão de movimento entre as molas, ou seja, quando alguém se movimenta, o outro não sente;</p>
<p class=""font_8"">- Maior durabilidade do seu colchão.</p>
<p class=""font_8""><br></p>
<p class=""font_8""><strong>Side Security Prodormir</strong></p>
<p class=""font_8"">O uso do perímetro de proteção em espuma D28 em todas as laterais dos colchões de mola é um elemento-chave para melhorar a experiência de sono. Esta inovação desenvolvida pela Prodormir, não apenas amplia a área de conforto, mas também eleva o nível de acabamento, proporcionando suporte aprimorado e estabilidade excepcional nas extremidades do colchão. Além disso, essa camada de espuma D28 contribui significativamente para a durabilidade e a vida útil do colchão, assegurando que você desfrute de noites de sono tranquilas por muitos anos.</p>","https://wa.me/551930142659?text=Ol%C3%A1!%20Gostaria%20de%20mais%20informa%C3%A7%C3%B5es%20sobre%20o%20Colch%C3%A3o%20Mola%20Ensacada%20Probel%20One%20Springs%20(%20https%3A%2F%2Fwww.probeljaguariuna.com.br%2Fcolchao%2Fcolch%25C3%25A3o-mola-ensacada-probel-one-springs-%20).",,"{""nodes"":[{""type"":""PARAGRAPH"",""id"":""wai9o6155"",""nodes"":[{""type"":""TEXT"",""id"":"""",""nodes"":[],""textData"":{""text"":""Medidas (LxCxA)"",""decorations"":[{""type"":""BOLD"",""fontWeightValue"":700}]}}],""paragraphData"":{}},{""type"":""PARAGRAPH"",""id"":""jgu826880"",""nodes"":[],""paragraphData"":{}},{""type"":""BULLETED_LIST"",""id"":""ctnz76967"",""nodes"":[{""type"":""LIST_ITEM"",""id"":""h995i6968"",""nodes"":[{""type"":""PARAGRAPH"",""id"":""mznnq6092"",""nodes"":[{""type"":""TEXT"",""id"":"""",""nodes"":[],""textData"":{""text"":""Solteiro - 0,88m x 1,88m x 20cm"",""decorations"":[]}}],""paragraphData"":{""textStyle"":{""textAlignment"":""AUTO""},""indentation"":0}}]},{""type"":""LIST_ITEM"",""id"":""n5pv56970"",""nodes"":[{""type"":""PARAGRAPH"",""id"":""91eab5564"",""nodes"":[{""type"":""TEXT"",""id"":"""",""nodes"":[],""textData"":{""text"":""Casal - 1,38m x 1,88m x 20cm"",""decorations"":[]}}],""paragraphData"":{""textStyle"":{""textAlignment"":""AUTO""},""indentation"":0}}]},{""type"":""LIST_ITEM"",""id"":""q6tsu6972"",""nodes"":[{""type"":""PARAGRAPH"",""id"":""i4d9m5583"",""nodes"":[{""type"":""TEXT"",""id"":"""",""nodes"":[],""textData"":{""text"":""Queen - 1,58m x 1,98m x 20cm"",""decorations"":[]}}],""paragraphData"":{""textStyle"":{""textAlignment"":""AUTO""},""indentation"":0}}]},{""type"":""LIST_ITEM"",""id"":""e2cjx6974"",""nodes"":[{""type"":""PARAGRAPH"",""id"":""hzozp5623"",""nodes"":[{""type"":""TEXT"",""id"":"""",""nodes"":[],""textData"":{""text"":""King Size- 1,93m x 2,03m x 20cm"",""decorations"":[]}}],""paragraphData"":{""textStyle"":{""textAlignment"":""AUTO""},""indentation"":0}},{""type"":""PARAGRAPH"",""id"":""th6ms143"",""nodes"":[],""paragraphData"":{""textStyle"":{""textAlignment"":""AUTO""},""indentation"":0}}]}],""bulletedListData"":{""indentation"":0,""offset"":0}}],""metadata"":{""version"":1,""createdTimestamp"":""2022-12-19T17:56:18.279Z"",""updatedTimestamp"":""2022-12-19T17:56:18.279Z"",""id"":""fac17b25-d2a5-4914-ac20-4423fe519448""},""documentStyle"":{}}","/colchao/","/colchao/colch%C3%A3o-mola-ensacada-probel-one-springs-","5895cdd2-9a71-478a-a0e3-2b446801eb30",2024-05-21T13:26:30Z,2026-01-21T19:41:03Z,"3e41d719-849c-454e-984f-8ce84a2fe621","Colchão","Mola Ensacada","D28",,"Flat","One-Side, não precisa ser virado","Intermediário","até 100 Kg por indivíduo","casais com biotipos diferentes","Qualidade Aprovada | INMETRO","D28",,2024-05-21T13:26:30Z,2025-02-12T00:40:05Z,"3e41d719-849c-454e-984f-8ce84a2fe621",2024-06-07T01:27:59Z,,"Colchão One  Springs","Sistema de Molejo: Mola Ensacada
Espuma do Estofamento: D28
Pillow: Flat
Tecnologia: One-Side, não precisa ser virado
Nível de Firmeza: Intermediário
Suporte: até 100 Kg por indivíduo
Indicado para: casais com biotipos diferentes
Densidade: D28
Certificados: Qualidade Aprovada | INMETRO",,
"PUBLISHED","Colchão Probel Guarda Costas Athos Bambu","wix:image://v1/34ce26_d27319c5c554430580d9da22283acd14~mv2.jpg/1000085145.jpg#originWidth=3472&originHeight=4624","[{""description"":"""",""slug"":""34ce26_7a416b77173642f7b68f7a2b8226273a~mv2.jpg"",""alt"":"""",""src"":""wix:image://v1/34ce26_7a416b77173642f7b68f7a2b8226273a~mv2.jpg/_.jpg#originWidth=3472&originHeight=4624"",""title"":"""",""type"":""image"",""settings"":{""width"":3472,""height"":4624,""focalPoint"":[0.5,0.5]}},{""description"":"""",""slug"":""34ce26_18daa988088c4cd5932fe9e4230c8222~mv2.jpg"",""alt"":"""",""src"":""wix:image://v1/34ce26_18daa988088c4cd5932fe9e4230c8222~mv2.jpg/_.jpg#originWidth=3472&originHeight=4624"",""title"":"""",""type"":""image"",""settings"":{""width"":3472,""height"":4624,""focalPoint"":[0.5,0.5]}},{""description"":"""",""slug"":""34ce26_1a06656af2ec4a098b1812fce24bbee5~mv2.jpg"",""alt"":"""",""src"":""wix:image://v1/34ce26_1a06656af2ec4a098b1812fce24bbee5~mv2.jpg/_.jpg#originWidth=3472&originHeight=4624"",""title"":"""",""type"":""image"",""settings"":{""width"":3472,""height"":4624,""focalPoint"":[0.5,0.5]}},{""description"":"""",""slug"":""34ce26_bb0bb62c72bd4da781f5f30372ddb9b7~mv2.jpg"",""alt"":"""",""src"":""wix:image://v1/34ce26_bb0bb62c72bd4da781f5f30372ddb9b7~mv2.jpg/_.jpg#originWidth=3472&originHeight=4624"",""title"":"""",""type"":""image"",""settings"":{""width"":3472,""height"":4624,""focalPoint"":[0.5,0.5]}},{""description"":"""",""slug"":""34ce26_8c2c14a33bdf429d82e3ede442c16feb~mv2.jpg"",""alt"":"""",""src"":""wix:image://v1/34ce26_8c2c14a33bdf429d82e3ede442c16feb~mv2.jpg/_.jpg#originWidth=3472&originHeight=4624"",""title"":"""",""type"":""image"",""settings"":{""width"":3472,""height"":4624,""focalPoint"":[0.5,0.5]}},{""description"":"""",""slug"":""34ce26_d1efac3f3ebe4708ba6b97e696946670~mv2.jpg"",""alt"":"""",""src"":""wix:image://v1/34ce26_d1efac3f3ebe4708ba6b97e696946670~mv2.jpg/_.jpg#originWidth=3472&originHeight=4624"",""title"":"""",""type"":""image"",""settings"":{""width"":3472,""height"":4624,""focalPoint"":[0.5,0.5]}},{""description"":"""",""slug"":""34ce26_d0d00a5be64f44d09363789ea879c065~mv2.jpg"",""alt"":"""",""src"":""wix:image://v1/34ce26_d0d00a5be64f44d09363789ea879c065~mv2.jpg/_.jpg#originWidth=3471&originHeight=4623"",""title"":"""",""type"":""image"",""settings"":{""width"":3471,""height"":4623,""focalPoint"":[0.5,0.5]}},{""description"":"""",""slug"":""34ce26_d27319c5c554430580d9da22283acd14~mv2.jpg"",""alt"":"""",""src"":""wix:image://v1/34ce26_d27319c5c554430580d9da22283acd14~mv2.jpg/_.jpg#originWidth=3472&originHeight=4624"",""title"":"""",""type"":""image"",""settings"":{""width"":3472,""height"":4624,""focalPoint"":[0.5,0.5]}},{""description"":"""",""slug"":""34ce26_317774c49b10461887064aa01c0c7745~mv2.png"",""alt"":"""",""src"":""wix:image://v1/34ce26_317774c49b10461887064aa01c0c7745~mv2.png/_.png#originWidth=1000&originHeight=1000"",""title"":"""",""type"":""image"",""settings"":{""width"":1000,""height"":1000,""focalPoint"":[0.5,0.5]}}]",,"<p class=""font_8"">O Probel Guarda Costas Athos Bambu se destaca pela combinação do conforto máximo e da estabilidade individual proporcionada pelo sistema antirruído do molejo mais querido do mundo, aquele das molas ensacadas individualmente e que quando um se movimenta o outro não sente.</p>
<p class=""font_8""><br></p>
<p class=""font_8"">O segundo Nível de Firmeza traz a combinação da espuma D33 e da espuma de Alta Densidade, desenvolvidas para proporcionar um primeiro toque firme. Possui também um perímetro de borda de espuma D28, o que aumenta ainda mais o espaço de conforto e estabilidade nas extremidades.</p>
<p class=""font_8""><br></p>
<p class=""font_8"">A primeira camada conta com Pillow Super e espuma D20 Cilíndrica. Seu revestimento em malha branca com detalhes bege e gramatura 280 gramas, entrega ótima elasticidade e flexibilidade, adequa-se perfeitamente com suas lâminas de espuma e com o bordado localizado.</p>
<p class=""font_8""><br></p>
<p class=""font_8"">Sua base de espuma recebe tratamento antiácaro, antifungo e possui alta capacidade na absorção de peso. Seu suporte reforçado e a alta densidade suportam até 140 kg por indivíduo. Proporciona durabilidade e aconchego, ideais para quem tem preferência por colchões firmes.</p>","https://wa.me/551930142659?text=Ol%C3%A1!%20Gostaria%20de%20mais%20informa%C3%A7%C3%B5es%20sobre%20o%20Colch%C3%A3o%20Mola%20Ensacada%20Probel%20Guarda%20Costas%20Athos%20Bambu%20(https%3A%2F%2Fwww.probeljaguariuna.com.br%2Fcolchao%2Fcolch%25C3%25A3o-mola-ensacada-probel-guarda-costas-athos-bambu%20).",,"{""nodes"":[{""type"":""PARAGRAPH"",""id"":""foo"",""nodes"":[{""type"":""TEXT"",""id"":"""",""nodes"":[],""textData"":{""text"":""Medidas (LxCxA)"",""decorations"":[{""type"":""BOLD"",""fontWeightValue"":700}]}}],""paragraphData"":{""textStyle"":{""textAlignment"":""AUTO""},""indentation"":0}},{""type"":""PARAGRAPH"",""id"":""5huqf2490"",""nodes"":[],""paragraphData"":{""textStyle"":{""textAlignment"":""AUTO""},""indentation"":0}},{""type"":""BULLETED_LIST"",""id"":""ynt0s2514"",""nodes"":[{""type"":""LIST_ITEM"",""id"":""zpxkw2515"",""nodes"":[{""type"":""PARAGRAPH"",""id"":""pbwjz2427"",""nodes"":[{""type"":""TEXT"",""id"":"""",""nodes"":[],""textData"":{""text"":""Solteiro - 0,88m x 1,88m x 32cm"",""decorations"":[{""type"":""COLOR"",""colorData"":{""background"":""var(--ricos-custom-p-background-color,unset)""}}]}}],""paragraphData"":{""textStyle"":{""textAlignment"":""AUTO""},""indentation"":0}}]},{""type"":""LIST_ITEM"",""id"":""bifie2517"",""nodes"":[{""type"":""PARAGRAPH"",""id"":""viewer-91eab5564"",""nodes"":[{""type"":""TEXT"",""id"":"""",""nodes"":[],""textData"":{""text"":""Casal - 1,38m x 1,88m x 32cm"",""decorations"":[{""type"":""COLOR"",""colorData"":{""background"":""var(--ricos-custom-p-background-color,unset)""}}]}}],""paragraphData"":{""textStyle"":{""textAlignment"":""AUTO""}}}]},{""type"":""LIST_ITEM"",""id"":""6khby2519"",""nodes"":[{""type"":""PARAGRAPH"",""id"":""viewer-i4d9m5583"",""nodes"":[{""type"":""TEXT"",""id"":"""",""nodes"":[],""textData"":{""text"":""Queen - 1,58m x 1,98m x 32cm"",""decorations"":[]}}],""paragraphData"":{""textStyle"":{""textAlignment"":""AUTO""}}}]},{""type"":""LIST_ITEM"",""id"":""42hxy2521"",""nodes"":[{""type"":""PARAGRAPH"",""id"":""viewer-hzozp5623"",""nodes"":[{""type"":""TEXT"",""id"":"""",""nodes"":[],""textData"":{""text"":""King Size- 1,93m x 2,03m x 32cm"",""decorations"":[{""type"":""COLOR"",""colorData"":{""background"":""var(--ricos-custom-p-background-color,unset)""}}]}}],""paragraphData"":{""textStyle"":{""textAlignment"":""AUTO""}}}]}],""bulletedListData"":{""indentation"":0,""offset"":0}}],""metadata"":{""version"":1,""createdTimestamp"":""2022-12-19T17:56:18.279Z"",""updatedTimestamp"":""2022-12-19T17:56:18.279Z"",""id"":""06b7c6f5-ebde-40dc-a612-32c46d1a014b""},""documentStyle"":{}}","/colchao/","/colchao/colch%C3%A3o-mola-ensacada-probel-guarda-costas-athos-bambu","5e68ed35-a599-48e1-ab6b-d2cdc00e19da",2024-07-20T00:03:03Z,2026-01-21T19:40:52Z,"3e41d719-849c-454e-984f-8ce84a2fe621","Colchão","Mola Ensacada","1 D33 | 2 - espuma de alta Densidade","D20 cilíndrica","Super","One-Side, não precisa ser virado","Firme","até 140 Kg por pessoa","casais com biotipos diferentes","Qualidade Aprovada | INMETRO","D33 | D65 ","≥ D65",2024-07-20T00:03:03Z,2025-02-12T00:40:57Z,"34ce267c-cd8a-4d74-a8d8-247105b8e36a",2024-07-20T00:03:03Z,,"Colchão Guarda Costas Athos Bambu","Sistema de Molejo: Mola Ensacada
Espuma do Estofamento: 1 D33 | 2 - espuma de alta Densidade
Espuma do Matelassê: D20 cilíndrica
Pillow: Super
Tecnologia: One-Side, não precisa ser virado
Nível de Firmeza: Firme
Suporte: até 140 Kg por pessoa
Indicado para: casais com biotipos diferentes
Densidade: D33 | D65 | D20
Certificados: Qualidade Aprovada | INMETRO
Outras Características: ≥ D65",,
"PUBLISHED","Colchão  Probel Divino Springs Visco","wix:image://v1/34ce26_1bbc2dc11c434ce19b0b021dbd44016c~mv2.jpeg/M%C3%ADdia%20(13).jpeg#originWidth=1417&originHeight=1658","[{""description"":"""",""slug"":""34ce26_3544393a716a4602ba3e392df2ea51ac~mv2.jpeg"",""alt"":"""",""src"":""wix:image://v1/34ce26_3544393a716a4602ba3e392df2ea51ac~mv2.jpeg/_.jpeg#originWidth=1328&originHeight=1769"",""title"":"""",""type"":""image"",""settings"":{""width"":1328,""height"":1769,""focalPoint"":[0.5,0.5]}},{""description"":"""",""slug"":""34ce26_c47b0725eb7041609d87bf4e8b246a1a~mv2.jpeg"",""alt"":"""",""src"":""wix:image://v1/34ce26_c47b0725eb7041609d87bf4e8b246a1a~mv2.jpeg/_.jpeg#originWidth=1422&originHeight=1653"",""title"":"""",""type"":""image"",""settings"":{""width"":1422,""height"":1653,""focalPoint"":[0.5,0.5]}},{""description"":"""",""slug"":""34ce26_d2b018ebc92743adae2a01661373da8e~mv2.jpeg"",""alt"":"""",""src"":""wix:image://v1/34ce26_d2b018ebc92743adae2a01661373da8e~mv2.jpeg/_.jpeg#originWidth=1328&originHeight=1769"",""title"":"""",""type"":""image"",""settings"":{""width"":1328,""height"":1769,""focalPoint"":[0.5,0.5]}},{""description"":"""",""slug"":""34ce26_9b7fd7bffcf440bc88740d77b8392285~mv2.jpeg"",""alt"":"""",""src"":""wix:image://v1/34ce26_9b7fd7bffcf440bc88740d77b8392285~mv2.jpeg/_.jpeg#originWidth=1328&originHeight=1769"",""title"":"""",""type"":""image"",""settings"":{""width"":1328,""height"":1769,""focalPoint"":[0.5,0.5]}},{""description"":"""",""slug"":""34ce26_5dd3f36b9635460fa38d038bccebe7fc~mv2.jpeg"",""alt"":"""",""src"":""wix:image://v1/34ce26_5dd3f36b9635460fa38d038bccebe7fc~mv2.jpeg/_.jpeg#originWidth=1328&originHeight=1769"",""title"":"""",""type"":""image"",""settings"":{""width"":1328,""height"":1769,""focalPoint"":[0.5,0.5]}},{""description"":"""",""slug"":""34ce26_1bbc2dc11c434ce19b0b021dbd44016c~mv2.jpeg"",""alt"":"""",""src"":""wix:image://v1/34ce26_1bbc2dc11c434ce19b0b021dbd44016c~mv2.jpeg/_.jpeg#originWidth=1417&originHeight=1658"",""title"":"""",""type"":""image"",""settings"":{""width"":1417,""height"":1658,""focalPoint"":[0.5,0.5]}},{""description"":"""",""slug"":""34ce26_e1c14c7bde9f4b309479f0f88b988865~mv2.jpeg"",""alt"":"""",""src"":""wix:image://v1/34ce26_e1c14c7bde9f4b309479f0f88b988865~mv2.jpeg/_.jpeg#originWidth=1328&originHeight=1769"",""title"":"""",""type"":""image"",""settings"":{""width"":1328,""height"":1769,""focalPoint"":[0.5,0.5]}},{""description"":"""",""slug"":""34ce26_b5c315e513b54cfa8096f2c768145bfd~mv2.jpeg"",""alt"":"""",""src"":""wix:image://v1/34ce26_b5c315e513b54cfa8096f2c768145bfd~mv2.jpeg/_.jpeg#originWidth=1328&originHeight=1769"",""title"":"""",""type"":""image"",""settings"":{""width"":1328,""height"":1769,""focalPoint"":[0.5,0.5]}},{""description"":"""",""slug"":""34ce26_192013789b764450bcc7b7afe6f29996~mv2.jpeg"",""alt"":"""",""src"":""wix:image://v1/34ce26_192013789b764450bcc7b7afe6f29996~mv2.jpeg/_.jpeg#originWidth=1328&originHeight=1769"",""title"":"""",""type"":""image"",""settings"":{""width"":1328,""height"":1769,""focalPoint"":[0.5,0.5]}},{""description"":"""",""slug"":""34ce26_e583e1706fdb49349cb0e9e5e4b6d522~mv2.jpeg"",""alt"":"""",""src"":""wix:image://v1/34ce26_e583e1706fdb49349cb0e9e5e4b6d522~mv2.jpeg/_.jpeg#originWidth=1420&originHeight=1655"",""title"":"""",""type"":""image"",""settings"":{""width"":1420,""height"":1655,""focalPoint"":[0.5,0.5]}},{""description"":"""",""slug"":""34ce26_d3d60554774f45ad8f990c1b1fdcf942~mv2.jpeg"",""alt"":"""",""src"":""wix:image://v1/34ce26_d3d60554774f45ad8f990c1b1fdcf942~mv2.jpeg/_.jpeg#originWidth=1328&originHeight=1769"",""title"":"""",""type"":""image"",""settings"":{""width"":1328,""height"":1769,""focalPoint"":[0.5,0.5]}}]",,"<p class=""font_8"">Colchão de Molas Ensacadas que permite liberdade individual de movimento, molejo intermediário, possui Pillow Euro proporcionando maciez atrelado ao suporte firme, sustentação de 120Kg por indivíduo.&nbsp;</p>
<p class=""font_8""><br></p>
<p class=""font_8"">Você experimentará um modelo de firmeza intermediária que proporciona um conforto excepcional, moldando-se aos pontos de maior pressão do seu corpo. Este colchão é a escolha ideal para quem busca um suporte alinhado à coluna, mantendo o máximo aconchego.</p>
<p class=""font_8""><br></p>
<p class=""font_8""><strong>Molas Ensacadas Prodormir</strong></p>
<p class=""font_8"">Descubra o Conforto Superior das Molas Ensacadas para Noites de Sono Perfeitas!</p>
<p class=""font_8"">Viva o Luxo do Molejo Mais Avançado do Mercado</p>
<p class=""font_8"">As Molas Ensacadas são a escolha definitiva para aqueles que buscam o máximo conforto e durabilidade em um colchão. Com design revolucionário, cada mola é cuidadosamente fabricada em aço carbono temperado, tornando-as incrivelmente resistentes.</p>
<p class=""font_8"">Quando se compartilha o colchão com um parceiro que possui um biotipo diferente, as Molas Ensacadas Prodormir são a escolha perfeita! Mesmo quando um parceiro se movimenta durante a noite, o outro não sentirá absolutamente nada, graças ao avançado sistema de isolamento de movimento oferecido pelas molas ensacadas individualmente. Isso significa que ambos os parceiros podem desfrutar de noites de sono ininterruptas e revigorantes, independente dos movimentos de um ou outro.</p>
<p class=""font_8"">Faça a escolha sensata para um sono de qualidade a dois, escolha as Molas Ensacadas Prodormir e descubra o conforto e a tranquilidade de noites ininterruptas com seu parceiro.</p>
<p class=""font_8""><br></p>
<p class=""font_8""><strong>Noites Tranquilas para Casais com Biotipos Diferentes</strong></p>
<p class=""font_8"">Imagine-se deitado em um colchão que se ajusta de maneira suave e personalizada às curvas do seu corpo, proporcionando um suporte ideal exatamente onde você precisa. Com as Molas Ensacadas, você experimentará o conforto que só pode ser encontrado em um colchão que foi criado com a sua qualidade de sono em mente. Eleve o nível da sua noite de sono e descubra o que é verdadeiramente descansar.</p>
<p class=""font_8""><br></p>
<p class=""font_8""><strong>Benefícios das Molas Ensacadas Individualmente da Prodormir:</strong></p>
<p class=""font_8"">- O colchão se adapta ao corpo de cada pessoa que deita;</p>
<p class=""font_8"">- Permite melhor alinhamento da coluna com o quadril;</p>
<p class=""font_8"">- Se encaixa e preenche as curvaturas do corpo;</p>
<p class=""font_8"">- Não há a transmissão de movimento entre as molas, ou seja, quando alguém se movimenta, o outro não sente;</p>
<p class=""font_8"">- Maior durabilidade do seu colchão.</p>
<p class=""font_8""><br></p>
<p class=""font_8""><strong>Side Security Prodormir</strong></p>
<p class=""font_8"">O uso do perímetro de proteção em espuma D28 em todas as laterais dos colchões de mola é um elemento-chave para melhorar a experiência de sono. Esta inovação desenvolvida pela Prodormir, não apenas amplia a área de conforto, mas também eleva o nível de acabamento, proporcionando suporte aprimorado e estabilidade excepcional nas extremidades do colchão. Além disso, essa camada de espuma D28 contribui significativamente para a durabilidade e a vida útil do colchão, assegurando que você desfrute de noites de sono tranquilas por muitos anos.</p>
<p class=""font_8""><br></p>
<p class=""font_8""><strong>Veja os benefícios do Side Security Prodormir:</strong></p>
<p class=""font_8"">- Aumenta o espaço de conforto;</p>
<p class=""font_8"">- Melhora o acabamento do colchão;</p>
<p class=""font_8"">- Proporciona maior suporte e estabilidade nas extremidades.</p>
<p class=""font_8"">Não comprometa o conforto e a postura - escolha o colchão que se adapta a você.</p>","https://wa.me/551930142659?text=Ol%C3%A1!%20Gostaria%20de%20mais%20informa%C3%A7%C3%B5es%20sobre%20o%20Colch%C3%A3o%20Mola%20Ensacada%20Probel%20Divino%20Springs%20Visco%20(%20https%3A%2F%2Fwww.probeljaguariuna.com.br%2Fcolchao%2Fcolch%25C3%25A3o-mola-ensacada-probel-divino-springs-visco%20).",,"{""nodes"":[{""type"":""PARAGRAPH"",""id"":""foo"",""nodes"":[{""type"":""TEXT"",""id"":"""",""nodes"":[],""textData"":{""text"":""Medidas"",""decorations"":[{""type"":""BOLD"",""fontWeightValue"":700}]}}],""paragraphData"":{""textStyle"":{""textAlignment"":""AUTO""},""indentation"":0}},{""type"":""PARAGRAPH"",""id"":""f4xcc6160"",""nodes"":[],""paragraphData"":{""textStyle"":{""textAlignment"":""AUTO""}}},{""type"":""BULLETED_LIST"",""id"":""tvsgg5770"",""nodes"":[{""type"":""LIST_ITEM"",""id"":""th3fz5771"",""nodes"":[{""type"":""PARAGRAPH"",""id"":""mznnq6092"",""nodes"":[{""type"":""TEXT"",""id"":"""",""nodes"":[],""textData"":{""text"":""Solteiro - 0,88m x 1,88m x 32cm"",""decorations"":[]}}],""paragraphData"":{""textStyle"":{""textAlignment"":""AUTO""},""indentation"":0}}]},{""type"":""LIST_ITEM"",""id"":""rupvo5773"",""nodes"":[{""type"":""PARAGRAPH"",""id"":""91eab5564"",""nodes"":[{""type"":""TEXT"",""id"":"""",""nodes"":[],""textData"":{""text"":""Casal - 1,38m x 1,88m x 32cm"",""decorations"":[]}}],""paragraphData"":{""textStyle"":{""textAlignment"":""AUTO""},""indentation"":0}}]},{""type"":""LIST_ITEM"",""id"":""yo5555775"",""nodes"":[{""type"":""PARAGRAPH"",""id"":""i4d9m5583"",""nodes"":[{""type"":""TEXT"",""id"":"""",""nodes"":[],""textData"":{""text"":""Queen - 1,58m x 1,98m x 32cm"",""decorations"":[]}}],""paragraphData"":{""textStyle"":{""textAlignment"":""AUTO""},""indentation"":0}}]},{""type"":""LIST_ITEM"",""id"":""rptbz5777"",""nodes"":[{""type"":""PARAGRAPH"",""id"":""hzozp5623"",""nodes"":[{""type"":""TEXT"",""id"":"""",""nodes"":[],""textData"":{""text"":""King Size - 1,93m x 2,03m x 32cm"",""decorations"":[]}}],""paragraphData"":{""textStyle"":{""textAlignment"":""AUTO""},""indentation"":0}}]}],""bulletedListData"":{""indentation"":0,""offset"":0}},{""type"":""PARAGRAPH"",""id"":""th6ms143"",""nodes"":[],""paragraphData"":{""textStyle"":{""textAlignment"":""AUTO""},""indentation"":0}}],""metadata"":{""version"":1,""createdTimestamp"":""2022-12-19T17:56:18.279Z"",""updatedTimestamp"":""2022-12-19T17:56:18.279Z"",""id"":""5dedf97b-07c5-4e8c-a57f-17c524dcb1c1""},""documentStyle"":{}}","/colchao/","/colchao/colch%C3%A3o-mola-ensacada-probel-divino-springs-visco","5e71d398-19e7-4d7b-8221-28468394d82c",2024-06-07T02:43:11Z,2026-01-21T19:41:00Z,"3e41d719-849c-454e-984f-8ce84a2fe621","Colchão","Mola Ensacada","D33",,"Flat","extra do tecido: Viscolástico Gel | One-Side, não precisa ser virado","Intermediário ","até 120 Kg por indivíduo","casais com biotipos diferentes","Qualidade Aprovada | INMETRO","D33 ","Espuma Matelassê D20 Cilíndrica | Molejo Intermediário",2024-06-07T02:43:11Z,2025-02-12T00:40:32Z,"34ce267c-cd8a-4d74-a8d8-247105b8e36a",2024-07-30T16:44:22Z,,,"Sistema de Molejo: Mola Ensacada
Espuma do Estofamento: D33
Pillow: Flat
Tecnologia: extra do tecido: Viscolástico Gel | One-Side, não precisa ser virado
Suporte: até 120 Kg por indivíduo
Indicado para: casais com biotipos diferentes
Densidade: D33 | D20
Certificados: Qualidade Aprovada | INMETRO
Outras Características: Espuma Matelassê D20 Cilíndrica | Molejo Intermediário",,
"PUBLISHED","Colchão  Probel Maximus Plus - 30cm ","wix:image://v1/34ce26_2a2e9db39f2a4618bc0764607456d383~mv2.jpeg/M%C3%ADdia%20(92).jpeg#originWidth=1391&originHeight=1690","[{""description"":"""",""slug"":""34ce26_2a2e9db39f2a4618bc0764607456d383~mv2.jpeg"",""alt"":"""",""src"":""wix:image://v1/34ce26_2a2e9db39f2a4618bc0764607456d383~mv2.jpeg/_.jpeg#originWidth=1391&originHeight=1690"",""title"":"""",""type"":""image"",""settings"":{""width"":1391,""height"":1690,""focalPoint"":[0.5,0.5]}},{""description"":"""",""slug"":""34ce26_1794569cfedc452d8677c60f3eb43874~mv2.jpeg"",""alt"":"""",""src"":""wix:image://v1/34ce26_1794569cfedc452d8677c60f3eb43874~mv2.jpeg/_.jpeg#originWidth=1273&originHeight=1847"",""title"":"""",""type"":""image"",""settings"":{""width"":1273,""height"":1847,""focalPoint"":[0.5,0.5]}},{""description"":"""",""slug"":""34ce26_ee941c81afc7467e929a8b7bf8b0604e~mv2.jpeg"",""alt"":"""",""src"":""wix:image://v1/34ce26_ee941c81afc7467e929a8b7bf8b0604e~mv2.jpeg/_.jpeg#originWidth=1372&originHeight=1713"",""title"":"""",""type"":""image"",""settings"":{""width"":1372,""height"":1713,""focalPoint"":[0.5,0.5]}},{""description"":"""",""slug"":""34ce26_099347ffd36c4ced8a6bcfd438d02cf1~mv2.jpeg"",""alt"":"""",""src"":""wix:image://v1/34ce26_099347ffd36c4ced8a6bcfd438d02cf1~mv2.jpeg/_.jpeg#originWidth=1355&originHeight=1735"",""title"":"""",""type"":""image"",""settings"":{""width"":1355,""height"":1735,""focalPoint"":[0.5,0.5]}},{""description"":"""",""slug"":""34ce26_5fcc26a41ed04b2d824c86572fec0b2f~mv2.jpeg"",""alt"":"""",""src"":""wix:image://v1/34ce26_5fcc26a41ed04b2d824c86572fec0b2f~mv2.jpeg/_.jpeg#originWidth=1328&originHeight=1769"",""title"":"""",""type"":""image"",""settings"":{""width"":1328,""height"":1769,""focalPoint"":[0.5,0.5]}},{""description"":"""",""slug"":""34ce26_f4fb95d898c046d7a9b14b487cb01cb1~mv2.jpeg"",""alt"":"""",""src"":""wix:image://v1/34ce26_f4fb95d898c046d7a9b14b487cb01cb1~mv2.jpeg/_.jpeg#originWidth=1388&originHeight=1692"",""title"":"""",""type"":""image"",""settings"":{""width"":1388,""height"":1692,""focalPoint"":[0.5,0.5]}},{""description"":"""",""slug"":""34ce26_9966c86dbccb451abe2948dbe7f3d379~mv2.jpeg"",""alt"":"""",""src"":""wix:image://v1/34ce26_9966c86dbccb451abe2948dbe7f3d379~mv2.jpeg/_.jpeg#originWidth=1349&originHeight=1742"",""title"":"""",""type"":""image"",""settings"":{""width"":1349,""height"":1742,""focalPoint"":[0.5,0.5]}},{""description"":"""",""slug"":""34ce26_25245e7dc1c74a7097c0185f3648f8bc~mv2.jpeg"",""alt"":"""",""src"":""wix:image://v1/34ce26_25245e7dc1c74a7097c0185f3648f8bc~mv2.jpeg/_.jpeg#originWidth=661&originHeight=800"",""title"":"""",""type"":""image"",""settings"":{""width"":661,""height"":800,""focalPoint"":[0.5,0.5]}},{""description"":"""",""slug"":""34ce26_d0cda97602e2431494d71ed13deaf153~mv2.png"",""alt"":"""",""src"":""wix:image://v1/34ce26_d0cda97602e2431494d71ed13deaf153~mv2.png/MAXIMUS%2520PLUS%2520CAA%252030CM%2520-%2520C%2520(6).png#originWidth=2048&originHeight=2048"",""title"":""MAXIMUS PLUS CAA 30CM - C (6).png"",""type"":""image"",""settings"":{""width"":2048,""height"":2048,""focalPoint"":[0.5,0.5]}},{""description"":"""",""slug"":""34ce26_ef56655f049d4bdab44d065ebfa7f78f~mv2.png"",""alt"":"""",""src"":""wix:image://v1/34ce26_ef56655f049d4bdab44d065ebfa7f78f~mv2.png/MAXIMUS%2520PLUS%2520CAA%252030CM%2520-%2520C%2520(1).png#originWidth=2048&originHeight=2048"",""title"":""MAXIMUS PLUS CAA 30CM - C (1).png"",""type"":""image"",""settings"":{""width"":2048,""height"":2048,""focalPoint"":[0.5,0.5]}},{""description"":"""",""slug"":""34ce26_1b7555f0ce624d628832abaae5d81598~mv2.png"",""alt"":"""",""src"":""wix:image://v1/34ce26_1b7555f0ce624d628832abaae5d81598~mv2.png/MAXIMUS%2520PLUS%2520CAA%252030CM%2520-%2520C%2520(8).png#originWidth=2048&originHeight=2048"",""title"":""MAXIMUS PLUS CAA 30CM - C (8).png"",""type"":""image"",""settings"":{""width"":2048,""height"":2048,""focalPoint"":[0.5,0.5]}},{""description"":"""",""slug"":""34ce26_f62609e1789e4d63a61df7ad7defc3fe~mv2.png"",""alt"":"""",""src"":""wix:image://v1/34ce26_f62609e1789e4d63a61df7ad7defc3fe~mv2.png/MAXIMUS%2520PLUS%2520CAA%252030CM%2520-%2520C%2520(3).png#originWidth=2048&originHeight=2048"",""title"":""MAXIMUS PLUS CAA 30CM - C (3).png"",""type"":""image"",""settings"":{""width"":2048,""height"":2048,""focalPoint"":[0.5,0.5]}},{""description"":"""",""slug"":""34ce26_48ace6e251ce414fbd61885f7d3585b3~mv2.png"",""alt"":"""",""src"":""wix:image://v1/34ce26_48ace6e251ce414fbd61885f7d3585b3~mv2.png/MAXIMUS%2520PLUS%2520CAA%252030CM%2520-%2520C%2520(4).png#originWidth=2048&originHeight=2048"",""title"":""MAXIMUS PLUS CAA 30CM - C (4).png"",""type"":""image"",""settings"":{""width"":2048,""height"":2048,""focalPoint"":[0.5,0.5]}},{""description"":"""",""slug"":""34ce26_85efbb1ddbca4372be1895c98569416f~mv2.png"",""alt"":"""",""src"":""wix:image://v1/34ce26_85efbb1ddbca4372be1895c98569416f~mv2.png/MAXIMUS%2520PLUS%2520CAA%252030CM%2520-%2520C%2520(7).png#originWidth=2048&originHeight=2048"",""title"":""MAXIMUS PLUS CAA 30CM - C (7).png"",""type"":""image"",""settings"":{""width"":2048,""height"":2048,""focalPoint"":[0.5,0.5]}},{""description"":"""",""slug"":""34ce26_d129fd6bfc1e46a6873c393551e4f350~mv2.png"",""alt"":"""",""src"":""wix:image://v1/34ce26_d129fd6bfc1e46a6873c393551e4f350~mv2.png/MAXIMUS%2520PLUS%2520CAA%252030CM%2520-%2520Q%2520(12).png#originWidth=1000&originHeight=1000"",""title"":""MAXIMUS PLUS CAA 30CM - Q (12).png"",""type"":""image"",""settings"":{""width"":1000,""height"":1000,""focalPoint"":[0.5,0.5]}}]",,"<p class=""font_8"">Colchão de Molas Ensacadas que permite liberdade individual de movimento, molejo intermediário, possui Pillow Euro proporcionando maciez atrelado ao suporte firme, sustentação de 110Kg por indivíduo.&nbsp;</p>
<p class=""font_8""><br></p>
<p class=""font_8"">Desfrute do equilíbrio perfeito entre maciez e firmeza com o Colchão Maximus Plus. Você experimentará um modelo de firmeza intermediária que proporciona um conforto excepcional, moldando-se aos pontos de maior pressão do seu corpo. Este colchão é a escolha ideal para quem busca um suporte alinhado à coluna, mantendo o máximo aconchego.</p>
<p class=""font_8""><br></p>
<p class=""font_8""><strong>Espumas ProMax Prodormir</strong></p>
<p class=""font_8"">A espuma doColchão Maximus Plus foi desenvolvida com a Tecnologia ProMax Prodormir, que passa por rigorosos testes de qualidade em laboratório e recebe tratamento antiácaro e antifungo.</p>
<p class=""font_8"">Com alto padrão de qualidade, a manta de espumas com densidade D28 do Colchão Maximus Plus contribui para uma sustentação intermediária, atendendo tanto aqueles que estão acostumados com a sensação firme quanto os que preferem uma superfície mais macia.</p>
<p class=""font_8""><br></p>
<p class=""font_8"">Descubra a perfeita harmonia entre conforto, sustentação e durabilidade com o Colchão Maximus Plus. Aproveite noites de sono revigorantes e acorde renovado todos os dias.</p>
<p class=""font_8""><br></p>
<p class=""font_8""><strong>Molas Ensacadas Prodormir</strong></p>
<p class=""font_8"">Descubra o Conforto Superior das Molas Ensacadas para Noites de Sono Perfeitas!</p>
<p class=""font_8"">Viva o Luxo do Molejo Mais Avançado do Mercado</p>
<p class=""font_8"">As Molas Ensacadas são a escolha definitiva para aqueles que buscam o máximo conforto e durabilidade em um colchão. Com design revolucionário, cada mola é cuidadosamente fabricada em aço carbono temperado, tornando-as incrivelmente resistentes.</p>
<p class=""font_8"">Quando se compartilha o colchão com um parceiro que possui um biotipo diferente, as Molas Ensacadas Prodormir são a escolha perfeita! Mesmo quando um parceiro se movimenta durante a noite, o outro não sentirá absolutamente nada, graças ao avançado sistema de isolamento de movimento oferecido pelas molas ensacadas individualmente. Isso significa que ambos os parceiros podem desfrutar de noites de sono ininterruptas e revigorantes, independente dos movimentos de um ou outro.</p>
<p class=""font_8"">Faça a escolha sensata para um sono de qualidade a dois, escolha as Molas Ensacadas Prodormir e descubra o conforto e a tranquilidade de noites ininterruptas com seu parceiro.</p>
<p class=""font_8""><br></p>
<p class=""font_8""><strong>Noites Tranquilas para Casais com Biotipos Diferentes</strong></p>
<p class=""font_8"">Imagine-se deitado em um colchão que se ajusta de maneira suave e personalizada às curvas do seu corpo, proporcionando um suporte ideal exatamente onde você precisa. Com as Molas Ensacadas, você experimentará o conforto que só pode ser encontrado em um colchão que foi criado com a sua qualidade de sono em mente. Eleve o nível da sua noite de sono e descubra o que é verdadeiramente descansar.</p>
<p class=""font_8""><br></p>
<p class=""font_8""><strong>Benefícios das Molas Ensacadas Individualmente da Prodormir:</strong></p>
<p class=""font_8"">- O colchão se adapta ao corpo de cada pessoa que deita;</p>
<p class=""font_8"">- Permite melhor alinhamento da coluna com o quadril;</p>
<p class=""font_8"">- Se encaixa e preenche as curvaturas do corpo;</p>
<p class=""font_8"">- Não há a transmissão de movimento entre as molas, ou seja, quando alguém se movimenta, o outro não sente;</p>
<p class=""font_8"">- Maior durabilidade do seu colchão.</p>
<p class=""font_8""><br></p>
<p class=""font_8""><strong>Pillow Euro</strong></p>
<p class=""font_8"">A definição de estilo e aconchego</p>
<p class=""font_8"">A nossa linha de colchões Maximus Plus utiliza o Pillow Euro que funciona como um abraço de espuma extra com um toque de estilo moderno. Ele apresenta uma camada adicional de conforto com uma divisão suave, realçada por um fitin costurado ao longo de toda a lateral do colchão. Combinando conforto e design, o Pillow Euro é a escolha perfeita para um sono com estilo e aconchego.</p>
<p class=""font_8""><br></p>
<p class=""font_8""><strong>Side Security Prodormir</strong></p>
<p class=""font_8"">O uso do perímetro de proteção em espuma D28 em todas as laterais dos colchões de mola é um elemento-chave para melhorar a experiência de sono. Esta inovação desenvolvida pela Prodormir, não apenas amplia a área de conforto, mas também eleva o nível de acabamento, proporcionando suporte aprimorado e estabilidade excepcional nas extremidades do colchão. Além disso, essa camada de espuma D28 contribui significativamente para a durabilidade e a vida útil do colchão, assegurando que você desfrute de noites de sono tranquilas por muitos anos.</p>
<p class=""font_8""><br></p>
<p class=""font_8""><strong>Veja os benefícios do Side Security Prodormir:</strong></p>
<p class=""font_8"">- Aumenta o espaço de conforto;</p>
<p class=""font_8"">- Melhora o acabamento do colchão;</p>
<p class=""font_8"">- Proporciona maior suporte e estabilidade nas extremidades.</p>
<p class=""font_8"">Não comprometa o conforto e a postura - escolha o colchão que se adapta a você.</p>","https://wa.me/551930142659?text=Ol%C3%A1!%20Gostaria%20de%20mais%20informa%C3%A7%C3%B5es%20sobre%20o%20Colch%C3%A3o%20Mola%20Ensacada%20Probel%20Maximus%20Plus%20(%20https%3A%2F%2Fwww.probeljaguariuna.com.br%2Fcolchao%2Fcolch%25C3%25A3o-mola-ensacada-probel-maximus-plus-%20).",,"{""nodes"":[{""type"":""PARAGRAPH"",""id"":""foo"",""nodes"":[{""type"":""TEXT"",""id"":"""",""nodes"":[],""textData"":{""text"":""Medidas"",""decorations"":[{""type"":""BOLD"",""fontWeightValue"":700}]}}],""paragraphData"":{""textStyle"":{""textAlignment"":""AUTO""},""indentation"":0}},{""type"":""PARAGRAPH"",""id"":""f4xcc6160"",""nodes"":[],""paragraphData"":{""textStyle"":{""textAlignment"":""AUTO""}}},{""type"":""BULLETED_LIST"",""id"":""n236b931"",""nodes"":[{""type"":""LIST_ITEM"",""id"":""80zpv932"",""nodes"":[{""type"":""PARAGRAPH"",""id"":""mznnq6092"",""nodes"":[{""type"":""TEXT"",""id"":"""",""nodes"":[],""textData"":{""text"":""Solteiro - 0,88m x 1,88m x 30cm"",""decorations"":[]}}],""paragraphData"":{""textStyle"":{""textAlignment"":""AUTO""},""indentation"":0}}]},{""type"":""LIST_ITEM"",""id"":""6hgqn934"",""nodes"":[{""type"":""PARAGRAPH"",""id"":""91eab5564"",""nodes"":[{""type"":""TEXT"",""id"":"""",""nodes"":[],""textData"":{""text"":""Casal - 1,38m x 1,88m x 30cm"",""decorations"":[]}}],""paragraphData"":{""textStyle"":{""textAlignment"":""AUTO""},""indentation"":0}}]},{""type"":""LIST_ITEM"",""id"":""olcvh936"",""nodes"":[{""type"":""PARAGRAPH"",""id"":""i4d9m5583"",""nodes"":[{""type"":""TEXT"",""id"":"""",""nodes"":[],""textData"":{""text"":""Queen - 1,58m x 1,98m x 30cm"",""decorations"":[]}}],""paragraphData"":{""textStyle"":{""textAlignment"":""AUTO""},""indentation"":0}}]},{""type"":""LIST_ITEM"",""id"":""srw7s938"",""nodes"":[{""type"":""PARAGRAPH"",""id"":""hzozp5623"",""nodes"":[{""type"":""TEXT"",""id"":"""",""nodes"":[],""textData"":{""text"":""King Size - 1,93m x 2,03m x 30cm"",""decorations"":[]}}],""paragraphData"":{""textStyle"":{""textAlignment"":""AUTO""},""indentation"":0}}]}],""bulletedListData"":{""indentation"":0,""offset"":0}},{""type"":""PARAGRAPH"",""id"":""8i0ff565"",""nodes"":[],""paragraphData"":{""textStyle"":{""textAlignment"":""AUTO""},""indentation"":0}}],""metadata"":{""version"":1,""createdTimestamp"":""2022-12-19T17:56:18.279Z"",""updatedTimestamp"":""2022-12-19T17:56:18.279Z"",""id"":""9c7fadd3-83f5-4ce6-a70b-8d1433afaadd""},""documentStyle"":{}}","/colchao/","/colchao/colch%C3%A3o-mola-ensacada-probel-maximus-plus-","7f18fefe-955c-4735-bf7b-a4ac9ec36d9d",2024-06-07T02:48:49Z,2026-01-21T19:40:57Z,"3e41d719-849c-454e-984f-8ce84a2fe621","Colchão","Mola Ensacada","D28","D20 cilíndrica","Euro","One-Side, não precisa ser virado","Intermediário ","até 110 Kg por indivíduo","casais com biotipos diferentes","Qualidade Aprovada | INMETRO","D28 ","Classificação do Colchão casal  intermediário | Molejo Intermediário",2024-06-07T02:48:49Z,2025-02-12T00:40:39Z,"34ce267c-cd8a-4d74-a8d8-247105b8e36a",2024-06-07T02:48:50Z,,"Colchão Maximus Plus","Sistema de Molejo: Mola Ensacada
Espuma do Estofamento: D28
Espuma do Matelassê: D20 cilíndrica
Pillow: Euro
Tecnologia: One-Side, não precisa ser virado
Suporte: até 110 Kg por indivíduo
Indicado para: casais com biotipos diferentes
Densidade: D28 | D20
Certificados: Qualidade Aprovada | INMETRO
Outras Características: Classificação do Colchão casal  intermediário | Molejo Intermediário",,
"PUBLISHED","Colchão Creative","wix:image://v1/34ce26_22da530c9cf04ec58eeb8412a7931e3a~mv2.jpg/shared%20image%20(1).jpg#originWidth=1440&originHeight=1440","[{""description"":"""",""slug"":""34ce26_645ee8403f4348b6bb8ad971844cff1b~mv2.jpg"",""alt"":"""",""src"":""wix:image://v1/34ce26_645ee8403f4348b6bb8ad971844cff1b~mv2.jpg/_.jpg#originWidth=1440&originHeight=1440"",""title"":"""",""type"":""image"",""settings"":{""width"":1440,""height"":1440,""focalPoint"":[0.5,0.5]}},{""description"":"""",""slug"":""34ce26_767288d8bc2044b1917a5c976a1f6b1d~mv2.jpg"",""alt"":"""",""src"":""wix:image://v1/34ce26_767288d8bc2044b1917a5c976a1f6b1d~mv2.jpg/_.jpg#originWidth=1440&originHeight=1440"",""title"":"""",""type"":""image"",""settings"":{""width"":1440,""height"":1440,""focalPoint"":[0.5,0.5]}},{""description"":"""",""slug"":""34ce26_053ab835621249bf9c3f79a2952258fc~mv2.jpg"",""alt"":"""",""src"":""wix:image://v1/34ce26_053ab835621249bf9c3f79a2952258fc~mv2.jpg/_.jpg#originWidth=1440&originHeight=1440"",""title"":"""",""type"":""image"",""settings"":{""width"":1440,""height"":1440,""focalPoint"":[0.5,0.5]}},{""description"":"""",""slug"":""34ce26_b722a64670fa4356a37ec0d1a86538d5~mv2.jpg"",""alt"":"""",""src"":""wix:image://v1/34ce26_b722a64670fa4356a37ec0d1a86538d5~mv2.jpg/_.jpg#originWidth=1440&originHeight=1439"",""title"":"""",""type"":""image"",""settings"":{""width"":1440,""height"":1439,""focalPoint"":[0.5,0.5]}},{""description"":"""",""slug"":""34ce26_4fb59d0e22d04fe19f2fc3c6fe2593ed~mv2.jpg"",""alt"":"""",""src"":""wix:image://v1/34ce26_4fb59d0e22d04fe19f2fc3c6fe2593ed~mv2.jpg/_.jpg#originWidth=1440&originHeight=1440"",""title"":"""",""type"":""image"",""settings"":{""width"":1440,""height"":1440,""focalPoint"":[0.5,0.5]}},{""description"":"""",""slug"":""34ce26_22da530c9cf04ec58eeb8412a7931e3a~mv2.jpg"",""alt"":"""",""src"":""wix:image://v1/34ce26_22da530c9cf04ec58eeb8412a7931e3a~mv2.jpg/_.jpg#originWidth=1440&originHeight=1440"",""title"":"""",""type"":""image"",""settings"":{""width"":1440,""height"":1440,""focalPoint"":[0.5,0.5]}},{""description"":"""",""slug"":""34ce26_3be619ff4e26452491ecaecb58aaa7da~mv2.jpg"",""alt"":"""",""src"":""wix:image://v1/34ce26_3be619ff4e26452491ecaecb58aaa7da~mv2.jpg/_.jpg#originWidth=1696&originHeight=2004"",""title"":"""",""type"":""image"",""settings"":{""width"":1696,""height"":2004,""focalPoint"":[0.5,0.5]}},{""description"":"""",""slug"":""34ce26_301855de78eb423fa091a1187cc9619d~mv2.png"",""alt"":"""",""src"":""wix:image://v1/34ce26_301855de78eb423fa091a1187cc9619d~mv2.png/_.png#originWidth=2048&originHeight=2048"",""title"":"""",""type"":""image"",""settings"":{""width"":2048,""height"":2048,""focalPoint"":[0.5,0.5]}},{""description"":"""",""slug"":""34ce26_eda5ff4dfb7b4d0b8bbcd696d82afba0~mv2.png"",""alt"":"""",""src"":""wix:image://v1/34ce26_eda5ff4dfb7b4d0b8bbcd696d82afba0~mv2.png/_.png#originWidth=2048&originHeight=2048"",""title"":"""",""type"":""image"",""settings"":{""width"":2048,""height"":2048,""focalPoint"":[0.5,0.5]}},{""description"":"""",""slug"":""34ce26_68b837bc67084d0791895268e4450edd~mv2.png"",""alt"":"""",""src"":""wix:image://v1/34ce26_68b837bc67084d0791895268e4450edd~mv2.png/_.png#originWidth=2048&originHeight=2048"",""title"":"""",""type"":""image"",""settings"":{""width"":2048,""height"":2048,""focalPoint"":[0.5,0.5]}},{""description"":"""",""slug"":""34ce26_6b7a492c272c480ca7ebc765176e3d10~mv2.png"",""alt"":"""",""src"":""wix:image://v1/34ce26_6b7a492c272c480ca7ebc765176e3d10~mv2.png/_.png#originWidth=2048&originHeight=2048"",""title"":"""",""type"":""image"",""settings"":{""width"":2048,""height"":2048,""focalPoint"":[0.5,0.5]}},{""description"":"""",""slug"":""34ce26_a6e9bd79bb3040a88045d7de0fd0f27d~mv2.png"",""alt"":"""",""src"":""wix:image://v1/34ce26_a6e9bd79bb3040a88045d7de0fd0f27d~mv2.png/_.png#originWidth=2048&originHeight=2048"",""title"":"""",""type"":""image"",""settings"":{""width"":2048,""height"":2048,""focalPoint"":[0.5,0.5]}},{""description"":"""",""slug"":""34ce26_ac682d9258bc4c63bfc763e61242c710~mv2.png"",""alt"":"""",""src"":""wix:image://v1/34ce26_ac682d9258bc4c63bfc763e61242c710~mv2.png/_.png#originWidth=2048&originHeight=2048"",""title"":"""",""type"":""image"",""settings"":{""width"":2048,""height"":2048,""focalPoint"":[0.5,0.5]}},{""description"":"""",""slug"":""34ce26_f1644bb3e22549619d7371e98af1d42b~mv2.png"",""alt"":"""",""src"":""wix:image://v1/34ce26_f1644bb3e22549619d7371e98af1d42b~mv2.png/_.png#originWidth=1000&originHeight=1000"",""title"":"""",""type"":""image"",""settings"":{""width"":1000,""height"":1000,""focalPoint"":[0.5,0.5]}}]",,"<p class=""font_8"">O colchão Creative Soft Gel é ideal para quem aprecia colchões macios!&nbsp;</p>
<p class=""font_8""><br></p>
<p class=""font_8"">O colchão Creative possui espuma D29 Hiper Soft e Pillow Super, garantindo muito conforto e maciez, além da espuma do matelassê D24 Soft Gel que se adequa ao seu corpo, garantindo noites mais tranquilas e reparadoras.&nbsp;</p>
<p class=""font_8""><br></p>
<p class=""font_8"">Com suporte de peso de 120Kg por pessoa e tecido em malha com toque suave, o colchão Creative possui Molas Ensacadas Individualmente, proporcionando independencia de movimentos, ou seja, quando uma pessoa se movimenta, a outra não sente!&nbsp;</p>
<p class=""font_8""><br></p>
<p class=""font_8"">Garanta noites profundas e reparadoras com o Colchão Creative Soft Gel!</p>","https://wa.me/551930142659?text=Ol%C3%A1!%20Gostaria%20de%20mais%20informa%C3%A7%C3%B5es%20sobre%20Colch%C3%A3o%20Mola%20Ensacada%20Probel%20Creative%20(%20https%3A%2F%2Fwww.probeljaguariuna.com.br%2Fcolchao%2Fcolch%25C3%25A3o-mola-ensacada-creative%20).",,"{""nodes"":[{""type"":""PARAGRAPH"",""id"":""foo"",""nodes"":[{""type"":""TEXT"",""id"":"""",""nodes"":[],""textData"":{""text"":""Medidas (LxCxA)"",""decorations"":[{""type"":""BOLD"",""fontWeightValue"":700}]}}],""paragraphData"":{""textStyle"":{""textAlignment"":""AUTO""},""indentation"":0}},{""type"":""PARAGRAPH"",""id"":""5huqf2490"",""nodes"":[],""paragraphData"":{""textStyle"":{""textAlignment"":""AUTO""},""indentation"":0}},{""type"":""BULLETED_LIST"",""id"":""ynt0s2514"",""nodes"":[{""type"":""LIST_ITEM"",""id"":""zpxkw2515"",""nodes"":[{""type"":""PARAGRAPH"",""id"":""pbwjz2427"",""nodes"":[{""type"":""TEXT"",""id"":"""",""nodes"":[],""textData"":{""text"":""Solteiro - 0,88m x 1,88m x 36cm"",""decorations"":[{""type"":""COLOR"",""colorData"":{""background"":""var(--ricos-custom-p-background-color,unset)""}}]}}],""paragraphData"":{""textStyle"":{""textAlignment"":""AUTO""},""indentation"":0}}]},{""type"":""LIST_ITEM"",""id"":""bifie2517"",""nodes"":[{""type"":""PARAGRAPH"",""id"":""viewer-91eab5564"",""nodes"":[{""type"":""TEXT"",""id"":"""",""nodes"":[],""textData"":{""text"":""Casal - 1,38m x 1,88m x 36cm"",""decorations"":[{""type"":""COLOR"",""colorData"":{""background"":""var(--ricos-custom-p-background-color,unset)""}}]}}],""paragraphData"":{""textStyle"":{""textAlignment"":""AUTO""}}}]},{""type"":""LIST_ITEM"",""id"":""6khby2519"",""nodes"":[{""type"":""PARAGRAPH"",""id"":""viewer-i4d9m5583"",""nodes"":[{""type"":""TEXT"",""id"":"""",""nodes"":[],""textData"":{""text"":""Queen - 1,58m x 1,98m x 36cm"",""decorations"":[]}}],""paragraphData"":{""textStyle"":{""textAlignment"":""AUTO""}}}]},{""type"":""LIST_ITEM"",""id"":""42hxy2521"",""nodes"":[{""type"":""PARAGRAPH"",""id"":""viewer-hzozp5623"",""nodes"":[{""type"":""TEXT"",""id"":"""",""nodes"":[],""textData"":{""text"":""King Size- 1,93m x 2,03m x 36cm"",""decorations"":[{""type"":""COLOR"",""colorData"":{""background"":""var(--ricos-custom-p-background-color,unset)""}}]}}],""paragraphData"":{""textStyle"":{""textAlignment"":""AUTO""}}}]}],""bulletedListData"":{""indentation"":0}},{""type"":""PARAGRAPH"",""id"":""kdumk450"",""nodes"":[],""paragraphData"":{""textStyle"":{""textAlignment"":""AUTO""}}},{""type"":""PARAGRAPH"",""id"":""co9pq466"",""nodes"":[{""type"":""TEXT"",""id"":"""",""nodes"":[],""textData"":{""text"":""*Box e cabeceira são vendidos separadamente"",""decorations"":[]}}],""paragraphData"":{""textStyle"":{""textAlignment"":""AUTO""}}}],""documentStyle"":{}}","/colchao/","/colchao/colch%C3%A3o-mola-ensacada-creative","bad38070-24e9-4947-bdca-17f2640397f0",2025-04-28T13:43:23Z,2026-01-21T19:40:36Z,"3e41d719-849c-454e-984f-8ce84a2fe621","Colchão","Mola Ensacada",,"D24 Soft Gel","Super","One-Side, não precisa ser virado","Macio","até 120 Kg por pessoa","casais com biotipos diferentes","Qualidade Aprovada | INMETRO","D29 | D24","Espuma do estofamendo | D29 Hiper Soft",2025-04-28T13:43:23Z,2025-04-28T14:01:08Z,"34ce267c-cd8a-4d74-a8d8-247105b8e36a",2025-04-28T13:43:24Z,,"Colchão Creative","Sistema de Molejo: Mola Ensacada
Espuma do Matelassê: D24 Soft Gel
Pillow: Super
Tecnologia: One-Side, não precisa ser virado
Nível de Firmeza: Macio
Suporte: até 120 Kg por pessoa
Indicado para: casais com biotipos diferentes
Densidade: D29 | D24
Certificados: Qualidade Aprovada | INMETRO
Outras Características: Espuma do estofamendo | D29 Hiper Soft",,
"PUBLISHED","Colchão Probel Pierre","wix:image://v1/34ce26_72d547061e5c456e85a520046b623fad~mv2.jpg/M%C3%ADdia%20(19).jpg#originWidth=1400&originHeight=1678","[{""description"":"""",""slug"":""34ce26_963a547ef7ee44f59ff4697a545ca420~mv2.jpg"",""alt"":"""",""src"":""wix:image://v1/34ce26_963a547ef7ee44f59ff4697a545ca420~mv2.jpg/_.jpg#originWidth=1422&originHeight=1652"",""title"":"""",""type"":""image"",""settings"":{""width"":1422,""height"":1652,""focalPoint"":[0.5,0.5]}},{""description"":"""",""slug"":""34ce26_e3a2efda79a34e8194c1ee684806f8e5~mv2.jpg"",""alt"":"""",""src"":""wix:image://v1/34ce26_e3a2efda79a34e8194c1ee684806f8e5~mv2.jpg/_.jpg#originWidth=1328&originHeight=1769"",""title"":"""",""type"":""image"",""settings"":{""width"":1328,""height"":1769,""focalPoint"":[0.5,0.5]}},{""description"":"""",""slug"":""34ce26_cb18e06729a043db94073f907458df1a~mv2.jpg"",""alt"":"""",""src"":""wix:image://v1/34ce26_cb18e06729a043db94073f907458df1a~mv2.jpg/_.jpg#originWidth=1328&originHeight=1769"",""title"":"""",""type"":""image"",""settings"":{""width"":1328,""height"":1769,""focalPoint"":[0.5,0.5]}},{""description"":"""",""slug"":""34ce26_e200b2e504954e8f8eefa790d0e820e8~mv2.jpg"",""alt"":"""",""src"":""wix:image://v1/34ce26_e200b2e504954e8f8eefa790d0e820e8~mv2.jpg/_.jpg#originWidth=1328&originHeight=1769"",""title"":"""",""type"":""image"",""settings"":{""width"":1328,""height"":1769,""focalPoint"":[0.5,0.5]}},{""description"":"""",""slug"":""34ce26_4779069984eb433ba0b8f8b55cf6d1f3~mv2.jpg"",""alt"":"""",""src"":""wix:image://v1/34ce26_4779069984eb433ba0b8f8b55cf6d1f3~mv2.jpg/_.jpg#originWidth=1328&originHeight=1769"",""title"":"""",""type"":""image"",""settings"":{""width"":1328,""height"":1769,""focalPoint"":[0.5,0.5]}},{""description"":"""",""slug"":""34ce26_54b3455f31b64b478e2f9d55d409bb35~mv2.jpg"",""alt"":"""",""src"":""wix:image://v1/34ce26_54b3455f31b64b478e2f9d55d409bb35~mv2.jpg/_.jpg#originWidth=1310&originHeight=1793"",""title"":"""",""type"":""image"",""settings"":{""width"":1310,""height"":1793,""focalPoint"":[0.5,0.5]}},{""description"":"""",""slug"":""34ce26_64a6d80230a9472f92e26c6f50ab9720~mv2.jpg"",""alt"":"""",""src"":""wix:image://v1/34ce26_64a6d80230a9472f92e26c6f50ab9720~mv2.jpg/_.jpg#originWidth=1692&originHeight=1389"",""title"":"""",""type"":""image"",""settings"":{""width"":1692,""height"":1389,""focalPoint"":[0.5,0.5]}},{""description"":"""",""slug"":""34ce26_72d547061e5c456e85a520046b623fad~mv2.jpg"",""alt"":"""",""src"":""wix:image://v1/34ce26_72d547061e5c456e85a520046b623fad~mv2.jpg/_.jpg#originWidth=1400&originHeight=1678"",""title"":"""",""type"":""image"",""settings"":{""width"":1400,""height"":1678,""focalPoint"":[0.5,0.5]}},{""description"":"""",""slug"":""34ce26_3ddd5a3092b24eff9332da0c218ca28b~mv2.jpg"",""alt"":"""",""src"":""wix:image://v1/34ce26_3ddd5a3092b24eff9332da0c218ca28b~mv2.jpg/_.jpg#originWidth=1681&originHeight=1398"",""title"":"""",""type"":""image"",""settings"":{""width"":1681,""height"":1398,""focalPoint"":[0.5,0.5]}}]",,"<p class=""font_8"">O Probel Pierre combina os benefícios das espumas soft com a estabilidade individual proporcionada pelo sistema antirruído do molejo mais querido do mundo, aquele das molas ensacadas individualmente e que quando um se movimenta o outro não sente.</p>
<p class=""font_8""><br></p>
<p class=""font_8"">As partículas de gel da camada de espuma High Resilience estimulam a circulação sanguínea e reduzem a sensação térmica na superfície entre 2 e 4 graus celsius. O conforto térmico, gerado pelo gel termorregulador, estimula a se manter por mais tempo na mesma posição durante o sono, o que contribui para um maior descanso e um sono de qualidade.</p>
<p class=""font_8""><br></p>
<p class=""font_8"">Apresentando tecido nobre em malha e tecnologia extra do tecido Viscoelástico Gel, entrega uma ótima elasticidade e flexibilidade com um suave toque refrescante. Essa combinação possibilita uma melhor adequação com suas espumas, reconhecidas por sua qualidade e maciez.</p>
<p class=""font_8""><br></p>
<p class=""font_8"">O perímetro de espuma D28 da borda aumenta ainda mais o espaço de conforto e proporciona maior estabilidade nas extremidades do seu colchão.</p>
<p class=""font_8""><br></p>
<p class=""font_8"">A base de espuma recebe tratamento antiácaro, antifungo. Seu suporte até 120 kg por indivíduo proporciona durabilidade e aconchego, ideais para quem tem preferência por colchões extra macios.</p>","https://wa.me/551930142659?text=Ol%C3%A1!%20Gostaria%20de%20mais%20informa%C3%A7%C3%B5es%20sobre%20o%20Colch%C3%A3o%20Mola%20Ensacada%20Probel%20Pierre%20(%20https%3A%2F%2Fwww.probeljaguariuna.com.br%2Fcolchao%2Fcolch%C3%A3o-mola-ensacada-probel-pierre%20).",,"{""nodes"":[{""type"":""PARAGRAPH"",""id"":""foo"",""nodes"":[{""type"":""TEXT"",""id"":"""",""nodes"":[],""textData"":{""text"":""Medidas (LxCxA)"",""decorations"":[{""type"":""BOLD"",""fontWeightValue"":700}]}}],""paragraphData"":{""textStyle"":{""textAlignment"":""AUTO""},""indentation"":0}},{""type"":""PARAGRAPH"",""id"":""5huqf2490"",""nodes"":[],""paragraphData"":{""textStyle"":{""textAlignment"":""AUTO""},""indentation"":0}},{""type"":""BULLETED_LIST"",""id"":""ynt0s2514"",""nodes"":[{""type"":""LIST_ITEM"",""id"":""zpxkw2515"",""nodes"":[{""type"":""PARAGRAPH"",""id"":""pbwjz2427"",""nodes"":[{""type"":""TEXT"",""id"":"""",""nodes"":[],""textData"":{""text"":""Solteiro - 0,88m x 1,88m x 36cm"",""decorations"":[{""type"":""COLOR"",""colorData"":{""background"":""var(--ricos-custom-p-background-color,unset)""}}]}}],""paragraphData"":{""textStyle"":{""textAlignment"":""AUTO""},""indentation"":0}}]},{""type"":""LIST_ITEM"",""id"":""bifie2517"",""nodes"":[{""paragraphData"":{""textStyle"":{""textAlignment"":""AUTO""}},""style"":{},""id"":""viewer-91eab5564"",""nodes"":[{""type"":""TEXT"",""id"":"""",""nodes"":[],""textData"":{""text"":""Casal - 1,38m x 1,88m x 36cm"",""decorations"":[{""type"":""COLOR"",""colorData"":{""background"":""var(--ricos-custom-p-background-color,unset)""}}]}}],""type"":""PARAGRAPH""}]},{""type"":""LIST_ITEM"",""id"":""6khby2519"",""nodes"":[{""paragraphData"":{""textStyle"":{""textAlignment"":""AUTO""}},""style"":{},""id"":""viewer-i4d9m5583"",""nodes"":[{""type"":""TEXT"",""id"":"""",""nodes"":[],""textData"":{""text"":""Queen - 1,58m x 1,98m x 36cm"",""decorations"":[]}}],""type"":""PARAGRAPH""}]},{""type"":""LIST_ITEM"",""id"":""42hxy2521"",""nodes"":[{""paragraphData"":{""textStyle"":{""textAlignment"":""AUTO""}},""style"":{},""id"":""viewer-hzozp5623"",""nodes"":[{""type"":""TEXT"",""id"":"""",""nodes"":[],""textData"":{""text"":""King Size- 1,93m x 2,03m x 36cm"",""decorations"":[{""type"":""COLOR"",""colorData"":{""background"":""var(--ricos-custom-p-background-color,unset)""}}]}}],""type"":""PARAGRAPH""}]}],""bulletedListData"":{""indentation"":0}},{""paragraphData"":{""textStyle"":{""textAlignment"":""AUTO""}},""style"":{},""id"":""kdumk450"",""nodes"":[],""type"":""PARAGRAPH""},{""paragraphData"":{""textStyle"":{""textAlignment"":""AUTO""}},""style"":{},""id"":""co9pq466"",""nodes"":[{""type"":""TEXT"",""id"":"""",""nodes"":[],""textData"":{""text"":""*Box e cabeceira são vendidos separadamente"",""decorations"":[]}}],""type"":""PARAGRAPH""},{""paragraphData"":{""textStyle"":{""textAlignment"":""AUTO""}},""style"":{},""id"":""viewer-8i0ff565"",""nodes"":[],""type"":""PARAGRAPH""},{""paragraphData"":{""textStyle"":{""textAlignment"":""AUTO""}},""style"":{},""id"":""viewer-7gvh87360"",""nodes"":[],""type"":""PARAGRAPH""}],""metadata"":{""version"":1,""createdTimestamp"":""2022-12-19T17:56:18.279Z"",""updatedTimestamp"":""2022-12-19T17:56:18.279Z"",""id"":""adf844db-6437-42b2-9f9e-26ef018436b5""},""documentStyle"":{}}","/colchao/","/colchao/colch%C3%A3o-mola-ensacada-probel-pierre","d8aefccf-0707-4927-9327-95b804800deb",2024-07-23T13:59:25Z,2026-01-21T19:40:43Z,"3e41d719-849c-454e-984f-8ce84a2fe621","Colchão","Mola Ensacada",,"D24 Hiper Soft","Europeu","One-Side, não precisa ser virado","Extra macio","até 120 Kg por pessoa","casais com biotipos diferentes","Qualidade Aprovada | INMETRO","D29 | D24","Espuma do estofamendo | D29 Hiper Soft",2024-07-23T13:59:25Z,2025-02-12T00:35:46Z,"34ce267c-cd8a-4d74-a8d8-247105b8e36a",2024-07-23T13:59:25Z,,"Colchão Pierre","Sistema de Molejo: Mola Ensacada
Espuma do Matelassê: D24 Hiper Soft
Pillow: Europeu
Tecnologia: One-Side, não precisa ser virado
Nível de Firmeza: Plush (extra macio)
Suporte: até 120 Kg por pessoa
Indicado para: casais com biotipos diferentes
Densidade: D29 | D24
Certificados: Qualidade Aprovada | INMETRO
Outras Características: Espuma do estofamendo | D29 Hiper Soft",,
"PUBLISHED","Colchão Probel Maximus Plus - 26cm","wix:image://v1/34ce26_363ac48dd5fb495f9155d529be244a17~mv2.jpeg/M%C3%ADdia%20(45).jpeg#originWidth=1377&originHeight=1707","[{""description"":"""",""slug"":""34ce26_296e2d161bb4416b8abe8ad9fa34373c~mv2.jpeg"",""alt"":"""",""src"":""wix:image://v1/34ce26_296e2d161bb4416b8abe8ad9fa34373c~mv2.jpeg/_.jpeg#originWidth=1379&originHeight=1704"",""title"":"""",""type"":""image"",""settings"":{""width"":1379,""height"":1704,""focalPoint"":[0.5,0.5]}},{""description"":"""",""slug"":""34ce26_74f2584f8221469cb8c38e01cc6e7ba6~mv2.jpeg"",""alt"":"""",""src"":""wix:image://v1/34ce26_74f2584f8221469cb8c38e01cc6e7ba6~mv2.jpeg/_.jpeg#originWidth=1328&originHeight=1769"",""title"":"""",""type"":""image"",""settings"":{""width"":1328,""height"":1769,""focalPoint"":[0.5,0.5]}},{""description"":"""",""slug"":""34ce26_363ac48dd5fb495f9155d529be244a17~mv2.jpeg"",""alt"":"""",""src"":""wix:image://v1/34ce26_363ac48dd5fb495f9155d529be244a17~mv2.jpeg/_.jpeg#originWidth=1377&originHeight=1707"",""title"":"""",""type"":""image"",""settings"":{""width"":1377,""height"":1707,""focalPoint"":[0.5,0.5]}},{""description"":"""",""slug"":""34ce26_769f68c447714261a142974c0ac0c147~mv2.jpeg"",""alt"":"""",""src"":""wix:image://v1/34ce26_769f68c447714261a142974c0ac0c147~mv2.jpeg/_.jpeg#originWidth=1328&originHeight=1769"",""title"":"""",""type"":""image"",""settings"":{""width"":1328,""height"":1769,""focalPoint"":[0.5,0.5]}},{""description"":"""",""slug"":""34ce26_5497d0d8713b4c93ab4def3d78a31ce9~mv2.jpeg"",""alt"":"""",""src"":""wix:image://v1/34ce26_5497d0d8713b4c93ab4def3d78a31ce9~mv2.jpeg/_.jpeg#originWidth=1392&originHeight=1688"",""title"":"""",""type"":""image"",""settings"":{""width"":1392,""height"":1688,""focalPoint"":[0.5,0.5]}},{""description"":"""",""slug"":""34ce26_5e16229445c7469899a5084ca45cbd63~mv2.jpeg"",""alt"":"""",""src"":""wix:image://v1/34ce26_5e16229445c7469899a5084ca45cbd63~mv2.jpeg/_.jpeg#originWidth=1328&originHeight=1769"",""title"":"""",""type"":""image"",""settings"":{""width"":1328,""height"":1769,""focalPoint"":[0.5,0.5]}}]",,"<p class=""font_8"">Colchão de Molas Ensacadas que permite liberdade individual de movimento, molejo intermediário, possui Pillow Euro proporcionando maciez atrelado ao suporte firme, sustentação de 110Kg por indivíduo.&nbsp;</p>
<p class=""font_8""><br></p>
<p class=""font_8"">Desfrute do equilíbrio perfeito entre maciez e firmeza com o Colchão Maximus Plus. Você experimentará um modelo de firmeza intermediária que proporciona um conforto excepcional, moldando-se aos pontos de maior pressão do seu corpo. Este colchão é a escolha ideal para quem busca um suporte alinhado à coluna, mantendo o máximo aconchego.</p>
<p class=""font_8""><br></p>
<p class=""font_8"">Espumas ProMax Prodormir</p>
<p class=""font_8"">A espuma do Colchão Maximus Plus foi desenvolvida com a Tecnologia ProMax Prodormir, que passa por rigorosos testes de qualidade em laboratório e recebe tratamento antiácaro e antifungo.</p>
<p class=""font_8"">Com alto padrão de qualidade, a manta de espumas com densidade D28 do Colchão Maximus Plus contribui para uma sustentação intermediária, atendendo tanto aqueles que estão acostumados com a sensação firme quanto os que preferem uma superfície mais macia.</p>
<p class=""font_8""><br></p>
<p class=""font_8"">Descubra a perfeita harmonia entre conforto, sustentação e durabilidade com o Colchão Maximus Plus. Aproveite noites de sono revigorantes e acorde renovado todos os dias.</p>
<p class=""font_8""><br></p>
<p class=""font_8"">Molas Ensacadas Prodormir</p>
<p class=""font_8"">Descubra o Conforto Superior das Molas Ensacadas para Noites de Sono Perfeitas!</p>
<p class=""font_8"">Viva o Luxo do Molejo Mais Avançado do Mercado</p>
<p class=""font_8"">As Molas Ensacadas são a escolha definitiva para aqueles que buscam o máximo conforto e durabilidade em um colchão. Com design revolucionário, cada mola é cuidadosamente fabricada em aço carbono temperado, tornando-as incrivelmente resistentes.</p>
<p class=""font_8"">Quando se compartilha o colchão com um parceiro que possui um biotipo diferente, as Molas Ensacadas Prodormir são a escolha perfeita! Mesmo quando um parceiro se movimenta durante a noite, o outro não sentirá absolutamente nada, graças ao avançado sistema de isolamento de movimento oferecido pelas molas ensacadas individualmente. Isso significa que ambos os parceiros podem desfrutar de noites de sono ininterruptas e revigorantes, independente dos movimentos de um ou outro.</p>
<p class=""font_8"">Faça a escolha sensata para um sono de qualidade a dois, escolha as Molas Ensacadas Prodormir e descubra o conforto e a tranquilidade de noites ininterruptas com seu parceiro.</p>
<p class=""font_8""><br></p>
<p class=""font_8"">Noites Tranquilas para Casais com Biotipos Diferentes</p>
<p class=""font_8"">Imagine-se deitado em um colchão que se ajusta de maneira suave e personalizada às curvas do seu corpo, proporcionando um suporte ideal exatamente onde você precisa. Com as Molas Ensacadas, você experimentará o conforto que só pode ser encontrado em um colchão que foi criado com a sua qualidade de sono em mente. Eleve o nível da sua noite de sono e descubra o que é verdadeiramente descansar.</p>
<p class=""font_8""><br></p>
<p class=""font_8"">Benefícios das Molas Ensacadas Individualmente da Prodormir:</p>
<p class=""font_8"">- O colchão se adapta ao corpo de cada pessoa que deita;</p>
<p class=""font_8"">- Permite melhor alinhamento da coluna com o quadril;</p>
<p class=""font_8"">- Se encaixa e preenche as curvaturas do corpo;</p>
<p class=""font_8"">- Não há a transmissão de movimento entre as molas, ou seja, quando alguém se movimenta, o outro não sente;</p>
<p class=""font_8"">- Maior durabilidade do seu colchão.</p>
<p class=""font_8""><br></p>
<p class=""font_8"">Pillow Euro</p>
<p class=""font_8"">A definição de estilo e aconchego</p>
<p class=""font_8"">A nossa linha de colchões Maximus Plus utiliza o Pillow Euro que funciona como um abraço de espuma extra com um toque de estilo moderno. Ele apresenta uma camada adicional de conforto com uma divisão suave, realçada por um fitin costurado ao longo de toda a lateral do colchão. Combinando conforto e design, o Pillow Euro é a escolha perfeita para um sono com estilo e aconchego.</p>
<p class=""font_8""><br></p>
<p class=""font_8"">Side Security Prodormir</p>
<p class=""font_8"">O uso do perímetro de proteção em espuma D28 em todas as laterais dos colchões de mola é um elemento-chave para melhorar a experiência de sono. Esta inovação desenvolvida pela Prodormir, não apenas amplia a área de conforto, mas também eleva o nível de acabamento, proporcionando suporte aprimorado e estabilidade excepcional nas extremidades do colchão. Além disso, essa camada de espuma D28 contribui significativamente para a durabilidade e a vida útil do colchão, assegurando que você desfrute de noites de sono tranquilas por muitos anos.</p>
<p class=""font_8""><br></p>
<p class=""font_8"">Veja os benefícios do Side Security Prodormir:</p>
<p class=""font_8"">- Aumenta o espaço de conforto;</p>
<p class=""font_8"">- Melhora o acabamento do colchão;</p>
<p class=""font_8"">- Proporciona maior suporte e estabilidade nas extremidades.</p>
<p class=""font_8"">Não comprometa o conforto e a postura - escolha o colchão que se adapta a você.</p>","https://wa.me/551930142659?text=Ol%C3%A1!%20Gostaria%20de%20mais%20informa%C3%A7%C3%B5es%20sobre%20Colch%C3%A3o%20Mola%20Ensacada%20Probel%20Maximus%20Plus%20-%2026cm%20(%20https%3A%2F%2Fwww.probeljaguariuna.com.br%2Fcolchao%2Fcolch%25C3%25A3o-mola-ensacada-probel-maximus-plus---26cm%20).",,"{""nodes"":[{""type"":""PARAGRAPH"",""id"":""foo"",""nodes"":[{""type"":""TEXT"",""id"":"""",""nodes"":[],""textData"":{""text"":""Medidas"",""decorations"":[{""type"":""BOLD"",""fontWeightValue"":700}]}}],""paragraphData"":{""textStyle"":{""textAlignment"":""AUTO""},""indentation"":0}},{""type"":""PARAGRAPH"",""id"":""f4xcc6160"",""nodes"":[],""paragraphData"":{""textStyle"":{""textAlignment"":""AUTO""}}},{""type"":""BULLETED_LIST"",""id"":""n236b931"",""nodes"":[{""type"":""LIST_ITEM"",""id"":""80zpv932"",""nodes"":[{""type"":""PARAGRAPH"",""id"":""mznnq6092"",""nodes"":[{""type"":""TEXT"",""id"":"""",""nodes"":[],""textData"":{""text"":""Solteiro - 0,88m x 1,88m x 26cm"",""decorations"":[]}}],""paragraphData"":{""textStyle"":{""textAlignment"":""AUTO""},""indentation"":0}}]},{""type"":""LIST_ITEM"",""id"":""6hgqn934"",""nodes"":[{""type"":""PARAGRAPH"",""id"":""91eab5564"",""nodes"":[{""type"":""TEXT"",""id"":"""",""nodes"":[],""textData"":{""text"":""Casal - 1,38m x 1,88m x 26cm"",""decorations"":[]}}],""paragraphData"":{""textStyle"":{""textAlignment"":""AUTO""},""indentation"":0}}]},{""type"":""LIST_ITEM"",""id"":""olcvh936"",""nodes"":[{""type"":""PARAGRAPH"",""id"":""i4d9m5583"",""nodes"":[{""type"":""TEXT"",""id"":"""",""nodes"":[],""textData"":{""text"":""Queen - 1,58m x 1,98m x 26cm"",""decorations"":[]}}],""paragraphData"":{""textStyle"":{""textAlignment"":""AUTO""},""indentation"":0}}]},{""type"":""LIST_ITEM"",""id"":""srw7s938"",""nodes"":[{""type"":""PARAGRAPH"",""id"":""hzozp5623"",""nodes"":[{""type"":""TEXT"",""id"":"""",""nodes"":[],""textData"":{""text"":""King Size - 1,93m x 2,03m x 26cm"",""decorations"":[]}}],""paragraphData"":{""textStyle"":{""textAlignment"":""AUTO""},""indentation"":0}}]}],""bulletedListData"":{""indentation"":0,""offset"":0}},{""type"":""PARAGRAPH"",""id"":""8i0ff565"",""nodes"":[],""paragraphData"":{""textStyle"":{""textAlignment"":""AUTO""},""indentation"":0}}],""metadata"":{""version"":1,""createdTimestamp"":""2022-12-19T17:56:18.279Z"",""updatedTimestamp"":""2022-12-19T17:56:18.279Z"",""id"":""e845da11-114c-475f-b90b-4b93b642e836""},""documentStyle"":{}}","/colchao/","/colchao/colch%C3%A3o-mola-ensacada-probel-maximus-plus---26cm","ed9c35e1-dd98-465d-a4a1-281b5d51d581",2024-07-30T17:35:41Z,2026-01-21T19:40:40Z,"3e41d719-849c-454e-984f-8ce84a2fe621","Colchão","Mola Ensacada","D28","D20 cilíndrica","Euro","One-Side, não precisa ser virado","Intermediário ","até 110 Kg por indivíduo","casais com biotipos diferentes","Qualidade Aprovada | INMETRO","D28 ","Molejo Intermediário",2024-07-30T17:35:41Z,2025-04-09T18:27:44Z,"34ce267c-cd8a-4d74-a8d8-247105b8e36a",2024-08-09T19:55:37Z,,"Colchão Maximus Plus","Sistema de Molejo: Mola Ensacada
Espuma do Estofamento: D28
Espuma do Matelassê: D20 cilíndrica
Pillow: Euro
Tecnologia: One-Side, não precisa ser virado
Nível de Firmeza: intermediário
Suporte: até 110 Kg por indivíduo
Indicado para: casais com biotipos diferentes
Densidade: D28 | D20
Certificados: Qualidade Aprovada | INMETRO
Outras Características: Molejo Intermediário",,
"PUBLISHED","Colchão Probel Guarda Costas Star","wix:image://v1/34ce26_5bc2ada747fd4a1ab6648c46061d2cc2~mv2.jpg/1000084457.jpg#originWidth=3472&originHeight=4624","[{""description"":"""",""slug"":""34ce26_5bc2ada747fd4a1ab6648c46061d2cc2~mv2.jpg"",""alt"":"""",""src"":""wix:image://v1/34ce26_5bc2ada747fd4a1ab6648c46061d2cc2~mv2.jpg/_.jpg#originWidth=3472&originHeight=4624"",""title"":"""",""type"":""image"",""settings"":{""width"":3472,""height"":4624,""focalPoint"":[0.5,0.5]}},{""description"":"""",""slug"":""34ce26_067ec5ecf9994ac4ac31d6933ae3b798~mv2.jpg"",""alt"":"""",""src"":""wix:image://v1/34ce26_067ec5ecf9994ac4ac31d6933ae3b798~mv2.jpg/_.jpg#originWidth=3472&originHeight=4624"",""title"":"""",""type"":""image"",""settings"":{""width"":3472,""height"":4624,""focalPoint"":[0.5,0.5]}},{""description"":"""",""slug"":""34ce26_dd45c9906ff54ce291f357c43d12baa5~mv2.jpg"",""alt"":"""",""src"":""wix:image://v1/34ce26_dd45c9906ff54ce291f357c43d12baa5~mv2.jpg/_.jpg#originWidth=3472&originHeight=4624"",""title"":"""",""type"":""image"",""settings"":{""width"":3472,""height"":4624,""focalPoint"":[0.5,0.5]}},{""description"":"""",""slug"":""34ce26_d2a09ce6a58e49e3875fcc3830fa5cfe~mv2.jpg"",""alt"":"""",""src"":""wix:image://v1/34ce26_d2a09ce6a58e49e3875fcc3830fa5cfe~mv2.jpg/_.jpg#originWidth=3346&originHeight=4457"",""title"":"""",""type"":""image"",""settings"":{""width"":3346,""height"":4457,""focalPoint"":[0.5,0.5]}},{""description"":"""",""slug"":""34ce26_c720d215a8d04fda8d69142314ce17c7~mv2.jpg"",""alt"":"""",""src"":""wix:image://v1/34ce26_c720d215a8d04fda8d69142314ce17c7~mv2.jpg/_.jpg#originWidth=3257&originHeight=4337"",""title"":"""",""type"":""image"",""settings"":{""width"":3257,""height"":4337,""focalPoint"":[0.5,0.5]}},{""description"":"""",""slug"":""34ce26_3095b0301b874d1ba86fe896b27a1675~mv2.jpg"",""alt"":"""",""src"":""wix:image://v1/34ce26_3095b0301b874d1ba86fe896b27a1675~mv2.jpg/_.jpg#originWidth=3472&originHeight=4624"",""title"":"""",""type"":""image"",""settings"":{""width"":3472,""height"":4624,""focalPoint"":[0.5,0.5]}},{""description"":"""",""slug"":""34ce26_258dcfc4735145e18fd5cdfdf8e12d79~mv2.png"",""alt"":"""",""src"":""wix:image://v1/34ce26_258dcfc4735145e18fd5cdfdf8e12d79~mv2.png/GCA%2520STAR%2520CES%252030CM%2520-%2520C%2520(12).png#originWidth=1000&originHeight=1000"",""title"":""GCA STAR CES 30CM - C (12).png"",""type"":""image"",""settings"":{""width"":1000,""height"":1000,""focalPoint"":[0.5,0.5]}},{""description"":"""",""slug"":""34ce26_3268ae393c7d4e7791bd1948b7a7233a~mv2.png"",""alt"":"""",""src"":""wix:image://v1/34ce26_3268ae393c7d4e7791bd1948b7a7233a~mv2.png/GCA%2520STAR%2520CES%252030CM%2520-%2520C%2520(2).png#originWidth=2048&originHeight=2048"",""title"":""GCA STAR CES 30CM - C (2).png"",""type"":""image"",""settings"":{""width"":2048,""height"":2048,""focalPoint"":[0.5,0.5]}},{""description"":"""",""slug"":""34ce26_4b1662aba9974c5f976685b23cd57557~mv2.png"",""alt"":"""",""src"":""wix:image://v1/34ce26_4b1662aba9974c5f976685b23cd57557~mv2.png/GCA%2520STAR%2520CES%252030CM%2520-%2520C%2520(6).png#originWidth=2048&originHeight=2048"",""title"":""GCA STAR CES 30CM - C (6).png"",""type"":""image"",""settings"":{""width"":2048,""height"":2048,""focalPoint"":[0.5,0.5]}},{""description"":"""",""slug"":""34ce26_eb8677e09fd54c86a81850ff334a0c8d~mv2.png"",""alt"":"""",""src"":""wix:image://v1/34ce26_eb8677e09fd54c86a81850ff334a0c8d~mv2.png/GCA%2520STAR%2520CES%252030CM%2520-%2520C%2520(5).png#originWidth=2048&originHeight=2048"",""title"":""GCA STAR CES 30CM - C (5).png"",""type"":""image"",""settings"":{""width"":2048,""height"":2048,""focalPoint"":[0.5,0.5]}},{""description"":"""",""slug"":""34ce26_8cf75572b8054097998991446be3a3bd~mv2.png"",""alt"":"""",""src"":""wix:image://v1/34ce26_8cf75572b8054097998991446be3a3bd~mv2.png/GCA%2520STAR%2520CES%252030CM%2520-%2520C%2520(1).png#originWidth=2048&originHeight=2048"",""title"":""GCA STAR CES 30CM - C (1).png"",""type"":""image"",""settings"":{""width"":2048,""height"":2048,""focalPoint"":[0.5,0.5]}},{""description"":"""",""slug"":""34ce26_e0585e317ca44b38b963a6a800e205ed~mv2.png"",""alt"":"""",""src"":""wix:image://v1/34ce26_e0585e317ca44b38b963a6a800e205ed~mv2.png/GCA%2520STAR%2520CES%252030CM%2520-%2520C%2520(8).png#originWidth=2048&originHeight=2048"",""title"":""GCA STAR CES 30CM - C (8).png"",""type"":""image"",""settings"":{""width"":2048,""height"":2048,""focalPoint"":[0.5,0.5]}},{""description"":"""",""slug"":""34ce26_fc70005286ba4a2da5bd8efc36d70b02~mv2.png"",""alt"":"""",""src"":""wix:image://v1/34ce26_fc70005286ba4a2da5bd8efc36d70b02~mv2.png/GCA%2520STAR%2520CES%252030CM%2520-%2520C%2520(3).png#originWidth=2048&originHeight=2048"",""title"":""GCA STAR CES 30CM - C (3).png"",""type"":""image"",""settings"":{""width"":2048,""height"":2048,""focalPoint"":[0.5,0.5]}},{""description"":"""",""slug"":""34ce26_98614846d8f74822b7897769516cc93e~mv2.png"",""alt"":"""",""src"":""wix:image://v1/34ce26_98614846d8f74822b7897769516cc93e~mv2.png/GCA%2520STAR%2520CES%252030CM%2520-%2520C%2520(7).png#originWidth=2048&originHeight=2048"",""title"":""GCA STAR CES 30CM - C (7).png"",""type"":""image"",""settings"":{""width"":2048,""height"":2048,""focalPoint"":[0.5,0.5]}},{""description"":"""",""slug"":""34ce26_c3c06865f4db4aeea024fcbcbfffae1b~mv2.png"",""alt"":"""",""src"":""wix:image://v1/34ce26_c3c06865f4db4aeea024fcbcbfffae1b~mv2.png/GCA%2520STAR%2520CES%252030CM%2520-%2520C%2520(4).png#originWidth=2048&originHeight=2048"",""title"":""GCA STAR CES 30CM - C (4).png"",""type"":""image"",""settings"":{""width"":2048,""height"":2048,""focalPoint"":[0.5,0.5]}}]",,"<p class=""font_8"">Se você busca um suporte inabalável, nosso Colchão Star é a escolha certa. Ele oferece uma sustentação firme para aqueles que estão acostumados com essa sensação ou têm um biotipo mais consistente, tanto em peso quanto em altura.&nbsp;</p>
<p class=""font_8""><br></p>
<p class=""font_8"">Com alto padrão de qualidade, a manta de espumas com densidade D33 Colchão Star contribuem para uma sustentação firme. Descubra a perfeita harmonia entre conforto, sustentação e durabilidade com o colchão Star. Aproveite noites de sono revigorantes e acorde renovado todos os dias. A linha de colchões Star utiliza o nosso Pillow Super que é uma divisão marcante e sofisticada entre o matelassê e a camada do estofamento. Essa manta extra garante um conforto aconchegante. Para quem busca equilíbrio no estilo e nível de firmeza, o Pillow Super é a escolha perfeita para noites de sono luxuosas e confortáveis.</p>
<p class=""font_8""><br></p>
<p class=""font_8""><em><strong>Um primeiro toque firme e sustentação de alta qualidade e durabilidade!</strong></em></p>
<p class=""font_8""><br></p>
<p class=""font_8""><strong>Espuma ProMax Probel</strong></p>
<p class=""font_8"">A espuma do Colchão Star foi desenvolvida com a Tecnologia ProMax Probel, que passa por rigorosos testes de qualidade em laboratório e recebe tratamento antiácaro e antifungo.</p>
<p class=""font_8""><br></p>
<p class=""font_8""><strong>Molas Ensacadas Probel</strong></p>
<p class=""font_8""><em><strong>Descubra o Conforto Superior das Molas Ensacadas para Noites de Sono Perfeitas!</strong></em></p>
<p class=""font_8""><br></p>
<p class=""font_8""><em><strong>Viva o Luxo do Molejo Mais Avançado do Mercado</strong></em></p>
<p class=""font_8"">As Molas Ensacadas são a escolha definitiva para aqueles que buscam o máximo conforto e durabilidade em um colchão. Com design revolucionário, cada mola é cuidadosamente fabricada em aço carbono temperado, tornando-as incrivelmente resistentes.</p>
<p class=""font_8""><br></p>
<p class=""font_8"">Quando se compartilha o colchão com um parceiro que possui um biotipo diferente, as Molas Ensacadas Probel são a escolha perfeita! Mesmo quando um parceiro se movimenta durante a noite, o outro não sentirá absolutamente nada, graças ao avançado sistema de isolamento de movimento oferecido pelas molas ensacadas individualmente. Isso significa que ambos os parceiros podem desfrutar de noites de sono ininterruptas e revigorantes, independente dos movimentos de um ou outro.</p>
<p class=""font_8""><br></p>
<p class=""font_8"">Faça a escolha sensata para um sono de qualidade a dois, escolha as Molas Ensacadas Probel e descubra o conforto e a tranquilidade de noites ininterruptas com seu parceiro.</p>
<h3 class=""font_3""><br></h3>
<p class=""font_8""><em><strong>Noites Tranquilas para Casais com Biotipos Diferentes</strong></em></p>
<p class=""font_8"">Imagine-se deitado em um colchão que se ajusta de maneira suave e personalizada às curvas do seu corpo, proporcionando um suporte ideal exatamente onde você precisa. Com as Molas Ensacadas, você experimentará o conforto que só pode ser encontrado em um colchão que foi criado com a sua qualidade de sono em mente. Eleve o nível da sua noite de sono e descubra o que é verdadeiramente descansar.</p>
<p class=""font_8""><br></p>
<p class=""font_8""><em><strong>Benefícios das Molas Ensacadas Individualmente da Probel:</strong></em></p>
<ul class=""font_8"">
  <li><p class=""font_8"">O colchão se adapta ao corpo de cada pessoa que deita;</p></li>
  <li><p class=""font_8"">Permite melhor alinhamento da coluna com o quadril;</p></li>
  <li><p class=""font_8"">Se encaixa e preenche as curvaturas do corpo;</p></li>
  <li><p class=""font_8"">Não há a transmissão de movimento entre as molas, ou seja, quando alguém se movimenta, o outro não sente;</p></li>
  <li><p class=""font_8"">Maior durabilidade do seu colchão.</p></li>
</ul>
<p class=""font_8""><strong>Pillow Super</strong></p>
<p class=""font_8""><em><strong>A definição de elegância e aconchego.</strong></em></p>
<p class=""font_8""><br></p>
<p class=""font_8""><strong>Base em Espuma Probel</strong></p>
<p class=""font_8"">A nossa linha de colchões Star é a definição de inovação. Sua base de suporte em espuma é projetada com tecnologia avançada, oferecendo suporte ideal, durabilidade excepcional e capacidade de absorção de peso impressionante.</p>
<p class=""font_8"">Mas não paramos por aí. A base do Colchão Casal Star também recebe um tratamento especial pioneiro no Brasil, combatendo ácaros, mofos e bactérias. Utilizamos o tratamento Baygard, desenvolvido pela renomada Bayer, famosa por sua excelência internacional.</p>
<h3 class=""font_3""><br></h3>
<p class=""font_8""><em><strong>Vantagens da Base de Espuma:</strong></em></p>
<ul class=""font_8"">
  <li><p class=""font_8"">Excelente conforto;</p></li>
  <li><p class=""font_8"">Suporte reforçado;</p></li>
  <li><p class=""font_8"">Espumas de alta qualidade;</p></li>
  <li><p class=""font_8"">Ótima capacidade de absorção de peso;</p></li>
  <li><p class=""font_8"">Tratamento Antiácaros e Antimofos;</p></li>
</ul>
<p class=""font_8""><strong>Side Security Probel</strong></p>
<p class=""font_8"">O uso do perímetro de proteção em espuma D28 em todas as laterais dos colchões de mola é um elemento-chave para melhorar a experiência de sono. Esta inovação desenvolvida pela Probel, não apenas amplia a área de conforto, mas também eleva o nível de acabamento, proporcionando suporte aprimorado e estabilidade excepcional nas extremidades do colchão. Além disso, essa camada de espuma D28 contribui significativamente para a durabilidade e a vida útil do colchão, assegurando que você desfrute de noites de sono tranquilas por muitos anos.</p>
<p class=""font_8""><br></p>","https://wa.me/551930142659?text=Ol%C3%A1!%20Gostaria%20de%20mais%20informa%C3%A7%C3%B5es%20sobre%20o%20Colch%C3%A3o%20Mola%20Ensacada%20Probel%20Guarda%20Costas%20Star%20(%20https%3A%2F%2Fwww.probeljaguariuna.com.br%2Fcolchao%2Fcolch%25C3%25A3o-mola-ensacada-probel-guarda-costas-star%20).",,"{""nodes"":[{""type"":""PARAGRAPH"",""id"":""foo"",""nodes"":[{""type"":""TEXT"",""id"":"""",""nodes"":[],""textData"":{""text"":""Medidas (LxCxA)"",""decorations"":[{""type"":""BOLD"",""fontWeightValue"":700}]}}],""paragraphData"":{""textStyle"":{""textAlignment"":""AUTO""},""indentation"":0}},{""type"":""PARAGRAPH"",""id"":""f4xcc6160"",""nodes"":[],""paragraphData"":{""textStyle"":{""textAlignment"":""AUTO""}}},{""type"":""BULLETED_LIST"",""id"":""m42s68032"",""nodes"":[{""type"":""LIST_ITEM"",""id"":""vjv2p8033"",""nodes"":[{""type"":""PARAGRAPH"",""id"":""mznnq6092"",""nodes"":[{""type"":""TEXT"",""id"":"""",""nodes"":[],""textData"":{""text"":""Solteiro - 0,88m x 1,88m x 30cm"",""decorations"":[]}}],""paragraphData"":{""textStyle"":{""textAlignment"":""AUTO""},""indentation"":0}}]},{""type"":""LIST_ITEM"",""id"":""wyq1q8035"",""nodes"":[{""type"":""PARAGRAPH"",""id"":""91eab5564"",""nodes"":[{""type"":""TEXT"",""id"":"""",""nodes"":[],""textData"":{""text"":""Casal - 1,38m x 1,88m x 30cm"",""decorations"":[]}}],""paragraphData"":{""textStyle"":{""textAlignment"":""AUTO""},""indentation"":0}}]},{""type"":""LIST_ITEM"",""id"":""11on58037"",""nodes"":[{""type"":""PARAGRAPH"",""id"":""i4d9m5583"",""nodes"":[{""type"":""TEXT"",""id"":"""",""nodes"":[],""textData"":{""text"":""Queen - 1,58m x 1,98m x 30cm"",""decorations"":[]}}],""paragraphData"":{""textStyle"":{""textAlignment"":""AUTO""},""indentation"":0}}]},{""type"":""LIST_ITEM"",""id"":""kehc48039"",""nodes"":[{""type"":""PARAGRAPH"",""id"":""hzozp5623"",""nodes"":[{""type"":""TEXT"",""id"":"""",""nodes"":[],""textData"":{""text"":""King Size- 1,93m x 2,03m x 30cm"",""decorations"":[]}}],""paragraphData"":{""textStyle"":{""textAlignment"":""AUTO""},""indentation"":0}}]}],""bulletedListData"":{""indentation"":0,""offset"":0}},{""type"":""PARAGRAPH"",""id"":""z2prr1270"",""nodes"":[],""paragraphData"":{""textStyle"":{""textAlignment"":""AUTO""},""indentation"":0}}],""metadata"":{""version"":1,""createdTimestamp"":""2022-12-19T17:56:18.279Z"",""updatedTimestamp"":""2022-12-19T17:56:18.279Z"",""id"":""b458b361-9897-458d-9e79-24199abf1edd""},""documentStyle"":{}}","/colchao/","/colchao/colch%C3%A3o-mola-ensacada-probel-guarda-costas-star","ef85c166-4b39-4f45-ba8b-ff260caa95e4",2024-05-21T13:25:49Z,2026-01-21T19:41:16Z,"3e41d719-849c-454e-984f-8ce84a2fe621","Colchão","Mola Ensacada","D33","D20 cilíndrica","Super","One-Side - não precisa ser virado","Firme","até 120 Kg por indivíduo","casais com biotipos diferentes","Qualidade Aprovada | INMETRO","D33 ",,2024-05-21T13:25:49Z,2025-02-12T00:41:28Z,"3e41d719-849c-454e-984f-8ce84a2fe621",2024-05-21T13:22:23Z,,"Colchão Guarda Costas Star","Sistema de Molejo: Mola Ensacada
Espuma do Estofamento: D33
Espuma do Matelassê: D20 cilíndrica
Pillow: Super
Tecnologia: One-Side - não precisa ser virado
Nível de Firmeza: Firme
Suporte: até 120 Kg por indivíduo
Indicado para: casais com biotipos diferentes
Densidade: D33 | D20
Certificados: Qualidade Aprovada | INMETRO",,
"PUBLISHED","Colchão  Probel Divino Springs Hiper Firme","wix:image://v1/34ce26_621047845dba4738b8414cab2cca2b0c~mv2.jpg/M%C3%ADdia%20(5).jpg#originWidth=1308&originHeight=1796","[{""description"":"""",""fileName"":""Mídia (3).jpg"",""slug"":""34ce26_5e5f57d4712947e986453ab21b753f3d~mv2.jpg"",""alt"":"""",""src"":""wix:image://v1/34ce26_5e5f57d4712947e986453ab21b753f3d~mv2.jpg/M%25C3%25ADdia%2520(3).jpg#originWidth=1380&originHeight=1703"",""title"":""Mídia (3).jpg"",""type"":""image"",""settings"":{""width"":1380,""height"":1703,""focalPoint"":[0.5,0.5]}},{""description"":"""",""fileName"":""Mídia (9).jpg"",""slug"":""34ce26_c8412d57a14248a79d9187cb539edd82~mv2.jpg"",""alt"":"""",""src"":""wix:image://v1/34ce26_c8412d57a14248a79d9187cb539edd82~mv2.jpg/M%25C3%25ADdia%2520(9).jpg#originWidth=1328&originHeight=1769"",""title"":""Mídia (9).jpg"",""type"":""image"",""settings"":{""width"":1328,""height"":1769,""focalPoint"":[0.5,0.5]}},{""description"":"""",""fileName"":""Mídia (10).jpg"",""slug"":""34ce26_35be30ddbe63439c8ff7b488dafccf88~mv2.jpg"",""alt"":"""",""src"":""wix:image://v1/34ce26_35be30ddbe63439c8ff7b488dafccf88~mv2.jpg/M%25C3%25ADdia%2520(10).jpg#originWidth=1317&originHeight=1784"",""title"":""Mídia (10).jpg"",""type"":""image"",""settings"":{""width"":1317,""height"":1784,""focalPoint"":[0.5,0.5]}},{""description"":"""",""fileName"":""Mídia (15).jpg"",""slug"":""34ce26_5d7b979f03f24d4b930709c7705e8730~mv2.jpg"",""alt"":"""",""src"":""wix:image://v1/34ce26_5d7b979f03f24d4b930709c7705e8730~mv2.jpg/M%25C3%25ADdia%2520(15).jpg#originWidth=1279&originHeight=1837"",""title"":""Mídia (15).jpg"",""type"":""image"",""settings"":{""width"":1279,""height"":1837,""focalPoint"":[0.5,0.5]}},{""description"":"""",""fileName"":""Mídia (14).jpg"",""slug"":""34ce26_d5ef90f83600471495738bac8af92ef8~mv2.jpg"",""alt"":"""",""src"":""wix:image://v1/34ce26_d5ef90f83600471495738bac8af92ef8~mv2.jpg/M%25C3%25ADdia%2520(14).jpg#originWidth=1367&originHeight=1718"",""title"":""Mídia (14).jpg"",""type"":""image"",""settings"":{""width"":1367,""height"":1718,""focalPoint"":[0.5,0.5]}},{""description"":"""",""fileName"":""Mídia (12).jpg"",""slug"":""34ce26_75cb569b00c14008be63f3d1ebb882cc~mv2.jpg"",""alt"":"""",""src"":""wix:image://v1/34ce26_75cb569b00c14008be63f3d1ebb882cc~mv2.jpg/M%25C3%25ADdia%2520(12).jpg#originWidth=1328&originHeight=1769"",""title"":""Mídia (12).jpg"",""type"":""image"",""settings"":{""width"":1328,""height"":1769,""focalPoint"":[0.5,0.5]}},{""description"":"""",""fileName"":""Mídia (13).jpg"",""slug"":""34ce26_3f1feba6f1554b4eb2bebcad91ba2eec~mv2.jpg"",""alt"":"""",""src"":""wix:image://v1/34ce26_3f1feba6f1554b4eb2bebcad91ba2eec~mv2.jpg/M%25C3%25ADdia%2520(13).jpg#originWidth=1376&originHeight=1708"",""title"":""Mídia (13).jpg"",""type"":""image"",""settings"":{""width"":1376,""height"":1708,""focalPoint"":[0.5,0.5]}},{""description"":"""",""fileName"":""Mídia (17).jpg"",""slug"":""34ce26_6e8426ef6f1745348b70dc2159b7afdf~mv2.jpg"",""alt"":"""",""src"":""wix:image://v1/34ce26_6e8426ef6f1745348b70dc2159b7afdf~mv2.jpg/M%25C3%25ADdia%2520(17).jpg#originWidth=1328&originHeight=1769"",""title"":""Mídia (17).jpg"",""type"":""image"",""settings"":{""width"":1328,""height"":1769,""focalPoint"":[0.5,0.5]}},{""description"":"""",""fileName"":""Mídia (18).jpg"",""slug"":""34ce26_b9ca5b25490b4f53bbac0550b3f520da~mv2.jpg"",""alt"":"""",""src"":""wix:image://v1/34ce26_b9ca5b25490b4f53bbac0550b3f520da~mv2.jpg/M%25C3%25ADdia%2520(18).jpg#originWidth=1328&originHeight=1769"",""title"":""Mídia (18).jpg"",""type"":""image"",""settings"":{""width"":1328,""height"":1769,""focalPoint"":[0.5,0.5]}},{""description"":"""",""fileName"":""Mídia (20).jpg"",""slug"":""34ce26_3d39e8d4385242b2a0df7ec38531cd7e~mv2.jpg"",""alt"":"""",""src"":""wix:image://v1/34ce26_3d39e8d4385242b2a0df7ec38531cd7e~mv2.jpg/M%25C3%25ADdia%2520(20).jpg#originWidth=1328&originHeight=1769"",""title"":""Mídia (20).jpg"",""type"":""image"",""settings"":{""width"":1328,""height"":1769,""focalPoint"":[0.5,0.5]}},{""description"":"""",""fileName"":""Mídia (24).jpg"",""slug"":""34ce26_5003d34519a54611a725686d713fd3fd~mv2.jpg"",""alt"":"""",""src"":""wix:image://v1/34ce26_5003d34519a54611a725686d713fd3fd~mv2.jpg/M%25C3%25ADdia%2520(24).jpg#originWidth=1388&originHeight=1693"",""title"":""Mídia (24).jpg"",""type"":""image"",""settings"":{""width"":1388,""height"":1693,""focalPoint"":[0.5,0.5]}},{""description"":"""",""fileName"":""Mídia (22).jpg"",""slug"":""34ce26_6f6b187e315e4ed5994de97c5ba93a6c~mv2.jpg"",""alt"":"""",""src"":""wix:image://v1/34ce26_6f6b187e315e4ed5994de97c5ba93a6c~mv2.jpg/M%25C3%25ADdia%2520(22).jpg#originWidth=1328&originHeight=1769"",""title"":""Mídia (22).jpg"",""type"":""image"",""settings"":{""width"":1328,""height"":1769,""focalPoint"":[0.5,0.5]}},{""description"":"""",""fileName"":""Mídia.jpg"",""slug"":""34ce26_b3b6e6d1b194479e879a42d56eb2e14d~mv2.jpg"",""alt"":"""",""src"":""wix:image://v1/34ce26_b3b6e6d1b194479e879a42d56eb2e14d~mv2.jpg/M%25C3%25ADdia.jpg#originWidth=601&originHeight=800"",""title"":""Mídia.jpg"",""type"":""image"",""settings"":{""width"":601,""height"":800,""focalPoint"":[0.5,0.5]}},{""description"":"""",""fileName"":""Mídia (21).jpg"",""slug"":""34ce26_497cff7d7bda44049f260c89fc1cd4ad~mv2.jpg"",""alt"":"""",""src"":""wix:image://v1/34ce26_497cff7d7bda44049f260c89fc1cd4ad~mv2.jpg/M%25C3%25ADdia%2520(21).jpg#originWidth=1303&originHeight=1804"",""title"":""Mídia (21).jpg"",""type"":""image"",""settings"":{""width"":1303,""height"":1804,""focalPoint"":[0.5,0.5]}},{""description"":"""",""fileName"":""Mídia (16).jpg"",""slug"":""34ce26_b93ced48954f463fa3053ec7dbfce22a~mv2.jpg"",""alt"":"""",""src"":""wix:image://v1/34ce26_b93ced48954f463fa3053ec7dbfce22a~mv2.jpg/M%25C3%25ADdia%2520(16).jpg#originWidth=1279&originHeight=1837"",""title"":""Mídia (16).jpg"",""type"":""image"",""settings"":{""width"":1279,""height"":1837,""focalPoint"":[0.5,0.5]}},{""description"":"""",""fileName"":""Mídia (6).jpg"",""slug"":""34ce26_6a8b148c77a1454ab4ba9fe136e63453~mv2.jpg"",""alt"":"""",""src"":""wix:image://v1/34ce26_6a8b148c77a1454ab4ba9fe136e63453~mv2.jpg/M%25C3%25ADdia%2520(6).jpg#originWidth=2882&originHeight=3261"",""title"":""Mídia (6).jpg"",""type"":""image"",""settings"":{""width"":2882,""height"":3261,""focalPoint"":[0.5,0.5]}},{""description"":"""",""fileName"":""Mídia (2).jpg"",""slug"":""34ce26_3776a43f7c4f4ce89a011aefd95f6ce2~mv2.jpg"",""alt"":"""",""src"":""wix:image://v1/34ce26_3776a43f7c4f4ce89a011aefd95f6ce2~mv2.jpg/M%25C3%25ADdia%2520(2).jpg#originWidth=1372&originHeight=1712"",""title"":""Mídia (2).jpg"",""type"":""image"",""settings"":{""width"":1372,""height"":1712,""focalPoint"":[0.5,0.5]}}]",,"<p class=""font_8"">O Divino Springs Hiper Firma combina os benefícios das espumas firmes com a estabilidade individual proporcionada pelo sistema antirruído do molejo mais querido do mundo, aquele das molas ensacadas individualmente e que quando um se movimenta o outro não sente.</p>
<p class=""font_8""><br></p>
<p class=""font_8"">O segundo Nível de Firmeza traz espumas de Alta Densidade ≥ D65, em conjunto com espuma D45 para proporcionar primeiro toque firme e aveludado, sustentação de alta qualidade e durabilidade.</p>
<p class=""font_8""><br></p>
<p class=""font_8"">Apresentando tecido nobre em malha, entrega um toque suave e refrescante. Essa combinação possibilita uma melhor adequação com suas espumas, reconhecidas por sua qualidade, resistência e firmeza.</p>
<p class=""font_8""><br></p>
<p class=""font_8"">O perímetro de espuma D28 da borda aumenta ainda mais o espaço de conforto e proporciona maior estabilidade nas extremidades do seu colchão.</p>
<p class=""font_8""><br></p>
<p class=""font_8"">A base de espuma recebe tratamento antiácaro, antifungo e possui alta capacidade na absorção de peso. Seu suporte reforçado e a alta densidade suportam até 200 kg por indivíduo. Proporciona durabilidade e aconchego, ideais para quem tem preferência por colchões firmes.</p>","https://wa.me/551930142659?text=Ol%C3%A1!%20Gostaria%20de%20mais%20informa%C3%A7%C3%B5es%20sobre%20Colch%C3%A3o%20Molas%20Ensacadas%20Divino%20Springs%20Hiper%20Firme%20(%20https%3A%2F%2Fwww.probeljaguariuna.com.br%2Fcolchao%2Fdivino-springs-hiper-firme%20).",,"{""nodes"":[{""type"":""PARAGRAPH"",""id"":""foo"",""nodes"":[{""type"":""TEXT"",""id"":"""",""nodes"":[],""textData"":{""text"":""Medidas (LxCxA)"",""decorations"":[{""type"":""BOLD"",""fontWeightValue"":700}]}}],""paragraphData"":{""textStyle"":{""textAlignment"":""AUTO""},""indentation"":0}},{""type"":""PARAGRAPH"",""id"":""5huqf2490"",""nodes"":[],""paragraphData"":{""textStyle"":{""textAlignment"":""AUTO""},""indentation"":0}},{""type"":""BULLETED_LIST"",""id"":""ynt0s2514"",""nodes"":[{""type"":""LIST_ITEM"",""id"":""zpxkw2515"",""nodes"":[{""type"":""PARAGRAPH"",""id"":""pbwjz2427"",""nodes"":[{""type"":""TEXT"",""id"":"""",""nodes"":[],""textData"":{""text"":""Solteiro - 0,88m x 1,88m x 30cm"",""decorations"":[{""type"":""COLOR"",""colorData"":{""background"":""var(--ricos-custom-p-background-color,unset)""}}]}}],""paragraphData"":{""textStyle"":{""textAlignment"":""AUTO""},""indentation"":0}}]},{""type"":""LIST_ITEM"",""id"":""bifie2517"",""nodes"":[{""type"":""PARAGRAPH"",""id"":""viewer-91eab5564"",""nodes"":[{""type"":""TEXT"",""id"":"""",""nodes"":[],""textData"":{""text"":""Casal - 1,38m x 1,88m x 30cm"",""decorations"":[{""type"":""COLOR"",""colorData"":{""background"":""var(--ricos-custom-p-background-color,unset)""}}]}}],""paragraphData"":{""textStyle"":{""textAlignment"":""AUTO""}}}]},{""type"":""LIST_ITEM"",""id"":""6khby2519"",""nodes"":[{""type"":""PARAGRAPH"",""id"":""viewer-i4d9m5583"",""nodes"":[{""type"":""TEXT"",""id"":"""",""nodes"":[],""textData"":{""text"":""Queen - 1,58m x 1,98m x 30cm"",""decorations"":[]}}],""paragraphData"":{""textStyle"":{""textAlignment"":""AUTO""}}}]},{""type"":""LIST_ITEM"",""id"":""42hxy2521"",""nodes"":[{""type"":""PARAGRAPH"",""id"":""viewer-hzozp5623"",""nodes"":[{""type"":""TEXT"",""id"":"""",""nodes"":[],""textData"":{""text"":""King Size- 1,93m x 2,03m x 30cm"",""decorations"":[{""type"":""COLOR"",""colorData"":{""background"":""var(--ricos-custom-p-background-color,unset)""}}]}}],""paragraphData"":{""textStyle"":{""textAlignment"":""AUTO""}}}]}],""bulletedListData"":{""indentation"":0}}],""documentStyle"":{}}","/colchao/","/colchao/colch%C3%A3o-mola-ensacada-probel-divino-springs-hiper-firme","fad74d9b-b293-4fab-9161-7440823fc4e6",2025-07-22T19:14:40Z,2026-01-21T19:38:51Z,"3e41d719-849c-454e-984f-8ce84a2fe621","Colchão","Mola Ensacada","1 - Espuma de alta densidade | 2 D45","D20 cilíndrica","Super","One-Side, não precisa ser virado","Firme","até 200 Kg por pessoa","casais com biotipos diferentes","Qualidade Aprovada | INMETRO"," D45 | D65 ","≥ D65",2025-07-22T19:14:40Z,2025-07-22T19:28:24Z,"34ce267c-cd8a-4d74-a8d8-247105b8e36a",2025-07-22T19:14:39Z,,"Colchão Divino Springs Hiper Firme","Sistema de Molejo: Mola Ensacada
Espuma do Estofamento: 1 - Espuma de alta densidade | 2 D45
Espuma do Matelassê: D20 cilíndrica
Pillow: Super
Tecnologia: One-Side, não precisa ser virado
Nível de Firmeza: Firme
Suporte: até 200 Kg por pessoa
Indicado para: casais com biotipos diferentes
Densidade: D65 | D45 | D20
Certificados: Qualidade Aprovada | INMETRO
Outras Características: ≥ D65",,
